filename,duration,rms_mean,rms_std,rms_max,zcr_mean,zcr_std,spectral_centroid_mean,spectral_centroid_std,spectral_bandwidth_mean,spectral_bandwidth_std,pitch_mean,pitch_std,mfcc_1_mean,mfcc_1_std,mfcc_2_mean,mfcc_2_std,mfcc_3_mean,mfcc_3_std,mfcc_4_mean,mfcc_4_std,mfcc_5_mean,mfcc_5_std,mfcc_6_mean,mfcc_6_std,mfcc_7_mean,mfcc_7_std,mfcc_8_mean,mfcc_8_std,mfcc_9_mean,mfcc_9_std,mfcc_10_mean,mfcc_10_std,mfcc_11_mean,mfcc_11_std,mfcc_12_mean,mfcc_12_std,mfcc_13_mean,mfcc_13_std,chroma_1_mean,chroma_1_std,chroma_2_mean,chroma_2_std,chroma_3_mean,chroma_3_std,chroma_4_mean,chroma_4_std,chroma_5_mean,chroma_5_std,chroma_6_mean,chroma_6_std,chroma_7_mean,chroma_7_std,chroma_8_mean,chroma_8_std,chroma_9_mean,chroma_9_std,chroma_10_mean,chroma_10_std,chroma_11_mean,chroma_11_std,chroma_12_mean,chroma_12_std,mel_spectrogram_mean,mel_spectrogram_std,VideoNumber
1+90 Years Crafting.mp3,32.29997732426304,0.067268446,0.042546842,0.18602297,0.067579668972332,0.0837626686384262,3061.162957733324,2014.2177224788395,3452.305986956861,1120.557865306205,336.8176078656224,642.1465613923383,-288.92194,115.187386,116.940765,49.277863,6.159879,21.29688,37.727802,25.437212,-9.8742485,22.486431,30.728157,19.648829,-14.988718,19.009882,21.157314,14.548176,-5.902039,13.775891,4.935737,10.92394,-2.6738951,10.67341,-7.5569725,10.787504,-5.2360125,7.9632535,0.3558277,0.30637157,0.3991743,0.2824786,0.47745064,0.35447592,0.4520337,0.31568432,0.4152118,0.29746848,0.41678756,0.32091376,0.4271597,0.3055459,0.4581462,0.35104486,0.384537,0.30777925,0.33507076,0.30560875,0.30320883,0.25644642,0.36638582,0.31170788,1.1612045,9.8242035,1
10+Aptamil Advert 2021.mp3,30.14,0.07457319,0.049417533,0.25979963,0.0659281216908933,0.0953490706552119,2523.259213819741,1908.0659548960016,3028.894411862509,929.7490377668328,300.0368859531978,543.6202164657403,-278.3006,92.43535,139.34888,46.962032,6.127687,26.335484,30.976759,24.426815,-4.9377217,18.388393,15.759973,17.852818,-12.733671,15.782915,11.934915,12.316675,-6.227478,11.118998,-1.6793562,12.303106,-5.6266,10.035061,-3.9180567,8.089227,-5.7886953,8.002109,0.3131481,0.29671016,0.3421187,0.28857082,0.44135535,0.3411642,0.39478844,0.30612364,0.3953828,0.32398373,0.38104537,0.3061014,0.41779855,0.31636485,0.40509492,0.3286336,0.38589153,0.2885871,0.5120177,0.36461782,0.40899497,0.28638577,0.35300273,0.3110841,1.5111607,14.201858,10
100+Vintage Carnation infant formula commercial. #vintage #retro #formula.mp3,68.43,0.050166745,0.053737905,0.29554507,0.0413395720684902,0.0416434353194569,1852.5333734291232,1134.4129814014975,2447.9921614002005,828.7770420286228,173.24484106578225,288.9917223424264,-344.62772,61.20978,144.68001,46.415928,9.2087145,26.257132,10.230674,22.724354,10.097979,26.227205,3.2107396,14.220582,-2.802499,13.352055,0.55486375,13.38941,-2.1494474,10.288761,-4.089101,9.803427,0.5853302,9.660994,-4.5510283,11.801836,-6.108336,9.991483,0.34230956,0.3293231,0.29490426,0.28193814,0.29372743,0.29695204,0.32952172,0.31961825,0.35069868,0.3238693,0.35458604,0.3173043,0.39554217,0.32446724,0.41322157,0.31472898,0.40211663,0.3369454,0.3891539,0.31199208,0.36309183,0.33368,0.33945632,0.30912024,1.0589842,15.446228,100
101+Welcome To Kendamil.mp3,60.3,0.063146956,0.04925597,0.26559502,0.0445946306736137,0.0554547908488492,2108.22860143347,1422.9511362101068,2701.3324965733523,943.9483093950568,295.8830303491869,495.3937581766885,-288.39764,80.83042,138.08981,36.881237,0.6669775,21.290997,29.73908,25.89818,5.393309,17.21746,15.27091,16.741302,-10.375774,13.578636,5.604162,11.858283,-2.4785962,9.590723,1.9229745,9.919012,2.9953773,9.131518,2.3323188,8.736097,0.2977251,7.804318,0.38275787,0.283794,0.35823002,0.29555917,0.35881865,0.29936302,0.44106978,0.34318167,0.43516952,0.33097008,0.4332236,0.28319559,0.545315,0.33039176,0.38472995,0.26778582,0.38831607,0.32177782,0.34805176,0.27875492,0.4293844,0.30993956,0.486598,0.3432769,1.2074012,14.360975,101
102+Welcome to the Kendamil family!.mp3,60.91,0.06559451,0.04935296,0.25270477,0.0453611140890032,0.0586132597270846,2140.9279161980858,1467.0605559183575,2743.0722377001853,944.4138876712826,309.2844974849731,521.7963155401975,-287.2296,86.53591,137.41098,39.06908,-0.3316605,21.311502,31.865976,25.447123,3.848096,17.499458,16.419819,16.263794,-10.809389,13.763659,6.8294353,11.849885,-2.8811574,9.669306,2.234073,10.095107,2.7042594,9.099832,2.0263684,8.919499,0.446842,7.7353373,0.36879706,0.28234154,0.34800845,0.29258123,0.35643053,0.3040418,0.43112433,0.34147528,0.43062362,0.33056942,0.43655294,0.28926393,0.5381663,0.33487615,0.37874955,0.27100375,0.36990082,0.31419763,0.33863553,0.2828793,0.42239377,0.30922687,0.4741914,0.34310424,1.269122,13.995131,102
104+What Now_.mp3,30.14,0.071869925,0.036049414,0.18544011,0.1015720888886214,0.0880322655606775,3940.7177254828543,1741.7091739676937,3867.639802807333,674.743616350275,265.98948511307947,415.4364555942364,-229.739,71.94371,108.28872,38.215984,-15.541754,21.896091,45.11318,25.29379,-22.012213,19.327463,36.636173,16.899174,-20.69808,16.525934,18.408195,12.965391,-8.471153,12.506395,5.5929914,12.459115,-4.6317487,13.289542,-1.4626614,12.699359,-2.9585545,10.697792,0.34529305,0.29981658,0.3852153,0.33764255,0.34758365,0.29763177,0.3348255,0.2824573,0.3865492,0.3354855,0.33678263,0.30635455,0.35189575,0.33456135,0.3098047,0.2984884,0.3553703,0.31334254,0.3974033,0.3507472,0.30639216,0.2775689,0.3596253,0.321711,1.1575707,9.3598385,104
105+Why KABRITA Goat Milk Toddler Formula.mp3,60.19,0.14866419,0.06800344,0.3437779,0.0259709121865959,0.0188554034742637,1509.0029098973705,825.0063032840388,2319.1181743861694,755.8827824117678,124.1225253240875,140.77506681954645,-241.39491,76.14224,163.9758,25.940945,4.493423,25.440199,50.381546,21.951529,2.579313,20.680574,24.027,12.876114,-2.5977356,12.182131,0.9742344,10.157236,6.365271,10.369647,-9.38279,11.15985,6.098721,9.540399,-10.98121,10.734679,1.2992135,11.322624,0.54228896,0.3335708,0.42853597,0.24660014,0.4173089,0.29526576,0.42827561,0.26187915,0.5115283,0.31371176,0.5049926,0.3182536,0.41430283,0.28841823,0.4315166,0.31441876,0.37160403,0.29124695,0.37956315,0.33311743,0.35662946,0.2590624,0.4740577,0.28808427,5.211692,31.879793,105
106+WHY MOMS LOVE SIMILAC® GAIN PLUS.mp3,33.07,0.051442776,0.02805447,0.18785675,0.0448106449083011,0.04727371330732,1992.6621385913436,1269.0354235412838,2512.4642349616533,825.4238889644251,241.61535950494016,440.7111117710264,-306.7059,59.54878,153.8982,35.476635,-5.3449664,30.320694,33.965565,22.182304,9.402893,19.66482,4.159216,19.690266,-7.9354434,14.530093,4.0232015,11.365038,-9.77883,9.882511,-2.93763,11.532364,-0.47630048,10.040955,-4.8030705,10.37757,1.7258624,7.8523655,0.32111502,0.28958976,0.22525139,0.2498476,0.20609468,0.23607786,0.29095012,0.26429474,0.40962306,0.358101,0.32383123,0.29001665,0.30462605,0.28414026,0.34042883,0.28599182,0.4737395,0.33516598,0.46003386,0.33098555,0.42855912,0.29470524,0.44129473,0.34460157,0.6445845,5.514664,106
107+Why Organic.mp3,189.13,0.110162415,0.06312925,0.30009606,0.0644656834582745,0.0793054879274713,2812.7874047154937,1765.303005407854,3206.369382620766,714.2690812973133,334.9539447050805,520.1867643911348,-216.15367,77.82747,133.28673,43.19382,-6.639811,23.920046,44.4842,26.942312,-10.110536,22.717249,28.084644,16.59017,-13.436569,15.415366,12.368313,11.879477,-5.814685,10.797807,1.4600015,11.403327,-3.1864567,10.223195,3.1126132,9.199521,3.5582132,9.361169,0.44412714,0.35847375,0.39831328,0.3144431,0.347703,0.28243136,0.35683575,0.27830136,0.4167982,0.29172593,0.5807079,0.35245585,0.5220388,0.29379222,0.47806755,0.31276459,0.4163708,0.27727994,0.41215208,0.30852687,0.3795759,0.29831833,0.34954235,0.29002643,2.9227595,23.04258,107
108+Why Similac® formulas with 2’-FL HMO are palm olein oil-free.mp3,26.01,0.046295755,0.031104144,0.16397297,0.061689901968987,0.084391341147388,2318.5434258013725,2018.7452540818176,2566.7999400082904,1131.0980332056272,198.9248014382427,405.272933463972,-334.2887,93.34262,145.22136,53.1481,8.744521,29.62888,12.186066,30.34264,-11.786169,22.570797,19.558483,18.723778,-16.434324,18.06831,6.871592,16.721684,-9.504572,10.5261345,-7.116383,9.729382,-5.804754,12.095162,-13.516589,11.606168,-7.255855,9.776048,0.6653565,0.37983784,0.40478364,0.24498087,0.28298944,0.28860694,0.23010056,0.24541439,0.27216223,0.2825956,0.29548886,0.32229358,0.2900964,0.2827289,0.3712947,0.32069898,0.2666433,0.24632563,0.23006496,0.2737187,0.21526143,0.25003594,0.32431388,0.22646359,0.5738361,5.7552385,108
109+Wyeth Lutein Launch 30' tvc.mp4.mp3,30.02,0.07911902,0.035683323,0.16161142,0.0734814188780935,0.0635989565288468,2539.3566453175235,1263.739168199804,2492.3556037121725,620.989337317208,269.3721004456652,547.2572068779601,-245.22356,85.3783,169.57181,41.16124,-48.74361,30.109333,62.006657,26.525202,-13.293678,20.04481,7.8843827,15.8755245,9.946228,14.025994,-15.52418,13.685843,15.305332,12.784467,-19.572216,10.862094,2.118803,9.136946,-1.1198369,9.20068,-14.019842,9.032038,0.43047023,0.28976542,0.43064725,0.2985588,0.39385277,0.28029093,0.42322958,0.2932327,0.47067073,0.3300228,0.41168454,0.3011699,0.40857574,0.29987094,0.4102037,0.301967,0.4306032,0.30727842,0.42796728,0.31846732,0.42054147,0.29986697,0.44738245,0.29866675,1.3595009,8.381273,109
11+Aptamil Follow On milks – Raise them Ready.mp3,30.07,0.038430672,0.02662618,0.119922385,0.067221496888267,0.080783715763334,2704.5853175751986,1823.0498999100216,3095.987417477587,848.7579584842537,273.2808111244748,520.0513586051437,-324.54184,92.03489,131.05914,46.642033,-7.1397595,27.787268,44.69886,26.490662,2.8815763,19.113785,24.585487,18.43281,-3.024331,12.905339,12.630435,12.853289,-9.985053,12.323003,5.37685,11.240298,-9.213897,9.126989,-8.059964,9.868909,-4.173429,9.877937,0.3938875,0.3087153,0.39308587,0.25916368,0.48621175,0.33629847,0.45018178,0.2903189,0.49072284,0.30549294,0.4742602,0.30545017,0.38504383,0.28919587,0.34835783,0.28593224,0.4070569,0.27921703,0.5194401,0.32715324,0.4391933,0.2960877,0.37063375,0.25490427,0.40534416,3.6620646,11
110-2001 Nestle Carnation Baby Formula Commercial - Aired April 2001.mp3,37.83,0.016823616,0.012724414,0.05799178,0.0640067948853175,0.0485104081637745,2613.517967689188,1297.4684386547565,3128.734694809252,947.0123296383448,200.95027384767351,395.20466044157257,-398.7062,68.40159,146.85538,38.96001,-13.691232,27.652542,23.570944,17.41312,0.4066982,15.638928,15.064163,11.751683,-17.89465,12.496694,12.165113,8.589908,-9.640823,8.362336,-3.9244337,8.985803,-3.4136639,8.351787,-5.996062,7.8060937,-3.9620898,7.727876,0.3889466,0.28079033,0.4574772,0.36115837,0.3615974,0.28604388,0.3726671,0.26678184,0.49525878,0.34723166,0.38174212,0.3017925,0.31388405,0.2851458,0.31534806,0.28660983,0.3594979,0.27936044,0.42186797,0.31525606,0.3714555,0.29051048,0.39101136,0.30431604,0.08362002,0.83393604,110
111-2002 Good Start Formula Commercial.mp3,30.120249433106576,0.07010627,0.030595625,0.1603169,0.0519570764089595,0.0597439652126387,2304.644212320341,1286.6345922456342,3102.455095931251,529.031838413247,247.9853655622352,415.9943609933336,-258.54022,62.5749,149.75008,32.338314,-3.9591808,26.541538,37.610184,23.619473,-0.981854,19.45729,22.510208,11.951203,-7.8492436,11.665306,11.300231,9.809083,-6.523259,9.40458,4.029218,10.1037855,-4.2633567,9.143002,-0.32771546,8.124178,-5.6128206,7.9292254,0.33437514,0.3034392,0.30985692,0.26485372,0.36023825,0.3040677,0.3927797,0.30532667,0.4959908,0.35114342,0.45676255,0.30648422,0.4259934,0.27730247,0.51467055,0.35486123,0.39885527,0.2857983,0.34315103,0.31142345,0.30614495,0.27377912,0.3145025,0.27402818,1.0589783,8.593808,111
"112-Bobbie Launches First Organic, European-Style Infant Formula in the U.S..mp3",48.86,0.013241258,0.030325113,0.18831296,0.0567374923898194,0.0326235770766616,3554.926411028561,1225.7330424642507,4100.156333699403,1053.9468042026988,1159.9992486560652,908.5152982436168,-477.08286,78.78126,82.349,44.849503,21.590925,28.464853,22.698227,16.592678,7.8263707,12.9223795,19.304268,16.242605,10.808249,10.5362425,7.8395476,11.517331,9.734154,10.170595,1.4461403,8.232633,10.778666,9.590244,8.294757,8.12332,-4.395248,8.176595,0.7443174,0.3142501,0.738758,0.28446454,0.73389095,0.2473762,0.7259737,0.23891725,0.62295055,0.24487415,0.54114693,0.262996,0.47429815,0.24467614,0.4709535,0.22971322,0.52304107,0.2391862,0.60653704,0.2640868,0.6666887,0.26631823,0.71667904,0.28857857,0.21512961,5.7933393,112
114-Carnation Follow Up Formula Commercial (1995).mp3,29.98,0.043729454,0.016994309,0.094391674,0.0610480107312233,0.0252077574972384,2042.7799568848104,584.0153676137872,2186.249266549796,442.6357135782479,154.6044310485695,190.75769981577943,-300.95667,49.019566,176.167,26.542835,-51.245403,29.542799,22.769138,18.20774,1.2295074,15.856399,-6.1808424,17.61996,-12.403218,16.37264,6.6299505,10.655467,-9.052706,12.291733,2.438637,10.227364,-12.073859,9.630145,2.0625753,9.840214,-3.8453069,10.279592,0.19331792,0.1993376,0.2594296,0.3110461,0.19217114,0.2073401,0.24747802,0.29605326,0.237199,0.262563,0.29157382,0.2807777,0.3698405,0.36247098,0.2951941,0.26975545,0.38492364,0.36329713,0.3193855,0.27195114,0.37926358,0.35414845,0.286543,0.31184357,0.35854092,1.7799971,114
115-Enfamil commercial 2010 Gina Santoriello.mp3,30.16,0.059526157,0.02740572,0.15660173,0.0514061673041762,0.0565999912561833,2479.691821182034,1473.8753491285006,2951.9343606209245,870.6487121675004,303.11905650550085,510.61491155265696,-279.06442,83.916,144.16295,40.234306,-5.926592,28.23921,40.957058,27.573818,-9.433182,22.236305,21.925152,15.919616,-10.576621,19.405928,7.115253,12.564446,-3.282053,12.7841425,2.4491017,11.079767,5.3834043,10.279086,-1.2078475,9.501887,-2.6376276,8.039729,0.3636026,0.28892443,0.39855516,0.30250365,0.45074046,0.34493446,0.37016863,0.29249534,0.35050514,0.29231393,0.35712525,0.30326188,0.38862443,0.29842958,0.4460876,0.3278962,0.47790265,0.25594485,0.6477085,0.33291608,0.51667327,0.2841845,0.37745515,0.2745536,0.7965363,6.5763063,115
116-Enfamil® PREMIUM™ Infant Formula.mp3,46.58,0.084278755,0.06674542,0.40098584,0.0378405192888736,0.0308369437309884,1311.867094433967,736.8961183650782,1268.1164045816056,431.04499760312206,218.38798647887592,415.92702630814256,-295.98618,67.080086,176.24535,31.230534,-5.032654,48.484577,19.227478,25.956572,27.135462,22.185816,-21.115818,21.184011,0.13549235,12.702149,12.807639,12.75957,-11.871562,12.279441,-1.0636238,11.245573,3.7295566,9.643422,-11.735981,12.15214,-0.7356249,9.399688,0.35252598,0.29078028,0.40301934,0.31460813,0.44963178,0.35931093,0.33864024,0.29425496,0.2603319,0.26485872,0.23444594,0.23792687,0.30131087,0.3108586,0.31732374,0.31339592,0.30807248,0.30463377,0.31510046,0.31685087,0.3181812,0.28971657,0.38020024,0.3362465,2.0872865,23.603683,116
117-Gerber Baby Food Commercial - 1970s.mp3,30.23,0.08339253,0.03225958,0.17804796,0.0478271859399001,0.0172529601969413,1803.368442072788,352.2656749191974,2072.801328015207,234.63488211063367,120.63215060565118,148.43028233371666,-199.26677,27.20295,193.67946,17.368248,-58.101826,10.829717,17.526016,7.637383,-2.202181,7.5896587,6.3117366,7.0224795,-4.346841,5.6169705,0.061908495,5.4986796,-4.4654317,5.5798893,0.2979759,5.4460206,-2.7793746,5.2758927,-0.86530995,5.2913775,-7.825703,5.29525,0.39414546,0.29146072,0.3981238,0.28940272,0.4027635,0.28809103,0.42101133,0.27366623,0.47651523,0.31824404,0.4211408,0.27193978,0.44259995,0.31317914,0.4199254,0.2869053,0.5137923,0.2975171,0.5878162,0.34141555,0.4446006,0.27732873,0.44341487,0.3122879,1.4678115,8.331249,117
118-SMA FORMULA FOR INFANTS COMMERCIAL 1960.mp3,58.93,0.08209769,0.062044956,0.28224477,0.0347699344956658,0.0308916215347475,1622.571265645348,862.867058296383,2392.901111588321,770.9044394584732,200.73003363213024,423.78287162269135,-287.82654,41.929554,170.93787,38.21284,-5.043583,22.086794,18.154945,16.170994,23.307886,18.389507,6.2742257,14.567991,6.702512,10.153993,1.8698335,9.673843,-1.4293078,10.297638,6.555841,8.511286,1.3884647,7.514904,6.829523,7.8277564,-3.1780877,8.619102,0.51693326,0.31915522,0.4102461,0.26564193,0.40946835,0.28416732,0.3994034,0.28421974,0.45982242,0.28872526,0.4447382,0.30765226,0.4126803,0.24797039,0.5493258,0.32978728,0.4821637,0.28106174,0.5004585,0.34123504,0.45937756,0.29074478,0.50819725,0.297994,2.0712805,18.705463,118
119-VINTAGE 1958 PET EVAPORATED MILK COMMERCIAL - CUTE BABIES.mp3,58.45,0.048806414,0.03087989,0.15774287,0.0336851996958788,0.021835201745787,1380.853342212086,525.3364080622731,1634.023818410188,281.7798452623841,207.22130050992416,358.4613122260213,-317.24393,66.9522,189.36641,26.304539,-23.29883,35.051537,27.16793,17.140856,13.856379,15.832284,4.5457087,14.085395,-3.6107125,10.199469,-7.098699,10.022356,6.5865006,10.194732,-10.072086,8.874261,-1.2228264,8.782198,-3.703841,8.257379,-9.068547,8.440129,0.5079336,0.33383042,0.4520808,0.28411567,0.40083736,0.27621925,0.39848018,0.3279865,0.38213405,0.272153,0.44507506,0.3043508,0.38430756,0.27343857,0.3416761,0.26502663,0.390539,0.27555686,0.49070966,0.31963804,0.54500383,0.31204402,0.47862133,0.2858523,0.6087089,4.1555233,119
12+Aptamil Follow On Milks (1).mp3,30.07,0.037068646,0.023485355,0.16574454,0.0744852222838672,0.0842955860885698,2974.785458936655,1820.36290514676,3171.718820213,865.0159771464329,275.169633287587,497.9011073923229,-318.07474,96.77202,129.70369,45.1829,-11.108012,28.632113,39.23351,26.708344,-11.982882,22.188564,23.554619,17.245728,-15.7758045,16.743835,12.073293,13.949716,-6.8035197,11.263402,0.5545944,13.029456,-6.2923527,10.256131,-2.993436,10.916394,-7.1750298,10.792045,0.40309265,0.34909117,0.37288857,0.26967663,0.44715217,0.35277417,0.37926945,0.28607213,0.43995818,0.3375366,0.4123927,0.32883105,0.30757883,0.27079195,0.2865572,0.27674606,0.32653335,0.27284724,0.44374165,0.3431166,0.378609,0.30823892,0.3517258,0.27860737,0.33504733,2.722728,12
120-What you didn't know about ingredients in formula _ Ad Content for Enfamil.mp3,34.85,0.10582024,0.060581684,0.24833772,0.0235983628102098,0.0348997213730469,1159.3729899509765,1220.4383796279403,1830.462609925877,1226.6388238477966,204.65672896608356,344.7362873325063,-351.86517,86.7672,170.34004,62.31348,39.651924,25.834822,7.3222456,18.075222,2.9706738,12.761195,22.27024,13.3083315,5.6933813,12.586352,7.2048817,13.420002,6.657823,9.430709,5.9647746,9.295164,7.7467237,9.079361,7.1478176,9.466203,6.7526064,9.59575,0.56553924,0.33889383,0.46543548,0.2688686,0.47490346,0.24981157,0.49302182,0.2176168,0.6051585,0.2690652,0.6470741,0.3209864,0.4913482,0.24003364,0.54773766,0.27182847,0.47337598,0.27248603,0.47204298,0.27336174,0.4548495,0.20247462,0.50941,0.25770384,2.9143565,28.21235,120
13+Aptamil Follow On Milks.mp3,30.07,0.03766822,0.026175104,0.14826792,0.0569964239193361,0.0660936569052445,2358.4877322557754,1691.3608464707495,2741.041154604401,1062.75276847705,224.6704607777376,426.53020016124367,-336.45538,92.06096,145.56042,45.71765,-5.73948,31.057037,23.888134,25.537397,-4.7491174,20.455395,18.496677,16.579868,-12.785405,16.272362,10.929963,15.112503,-7.1411295,11.727585,-0.08757026,12.601943,-4.621222,10.570298,-6.411881,10.204983,-7.2744203,9.980421,0.3665794,0.34285986,0.32860056,0.27720898,0.4084427,0.34693134,0.36345902,0.2875966,0.41597983,0.3324099,0.43537217,0.3301952,0.30877882,0.274076,0.26156878,0.28299177,0.26851997,0.24754047,0.4165563,0.34369797,0.406068,0.32292733,0.3395952,0.28036994,0.3916248,3.5160651,13
"14+Aptamil Toddler Milk, with Vitamin D.mp3",30.09,0.09567208,0.06101857,0.28940228,0.0683761408299575,0.0788612465074387,3073.2605797454994,1791.566768515303,3418.235212155412,828.5429664134958,353.6994789849378,588.8653765005347,-245.92989,88.99352,110.802155,45.133766,-5.1644883,21.500654,52.81209,24.916286,-2.5441225,19.92811,28.409445,16.482805,-10.879149,16.00287,12.344574,11.850001,-5.4381247,12.439349,2.8192225,12.225282,-9.95489,10.521046,-5.065508,8.856369,-4.8690486,8.475804,0.42537916,0.33801654,0.36544326,0.29778472,0.3353313,0.28989032,0.36756533,0.32686633,0.41764727,0.32259947,0.43467176,0.33578974,0.38383117,0.29160404,0.42332947,0.34427056,0.40472525,0.3275766,0.38883582,0.3297779,0.40877816,0.33094305,0.41721457,0.3330192,2.4470434,22.23043,14
15+Aptamil TV Commercial July 2019.mp3,29.95,0.051805317,0.029548503,0.12606522,0.0444807185683139,0.0506360566108051,1867.7225796459084,1154.3250308243048,2243.5527155252757,656.7618086300714,181.1660891400563,333.0406393191897,-305.99408,72.89375,172.25026,34.99698,-21.232927,22.978878,44.9108,16.382914,-5.095304,19.219536,9.618665,13.303392,-4.829313,11.989595,-12.124371,9.970418,3.022868,8.328369,-13.413653,9.126403,0.44763133,9.111477,-9.427638,9.36384,-4.6775303,7.9431705,0.33007485,0.2800714,0.41102663,0.34874144,0.3152237,0.2906845,0.32529283,0.30958655,0.32041252,0.2877394,0.39589942,0.28918332,0.4854241,0.33429098,0.33776072,0.25773874,0.31800228,0.27727902,0.4009441,0.27145597,0.52653706,0.36801413,0.3595282,0.266485,0.68543935,4.962417,15
16+Aptamil® Organic Follow On Milk.mp3,15.07,0.04187229,0.022671603,0.11123087,0.0550179074047344,0.0778783606121786,2682.6390388471887,1893.3174658891696,3468.386846405128,898.5656514264368,335.6144716271538,563.1377932945367,-332.10538,78.08861,135.48547,44.11096,10.629891,23.998468,42.94289,26.795559,0.11729651,20.438251,20.931194,16.74496,-13.00278,16.35058,18.871586,13.282468,-8.960509,12.936301,9.806764,12.891056,-9.35431,11.5441475,3.801152,10.173173,-5.187976,8.8066,0.37677866,0.32205227,0.4113108,0.3263407,0.45198342,0.3341333,0.4290304,0.30557406,0.4378353,0.30240405,0.46394005,0.29955015,0.5426499,0.3168294,0.5061223,0.32151946,0.41807857,0.28990728,0.48697305,0.34708476,0.44046393,0.31087202,0.38198313,0.3116756,0.42507148,3.3716874,16
18+Baby Formula - Enfamil PREMIUM® _ Enfamil.mp3,15.07,0.079046145,0.038414687,0.19336508,0.0648763772613549,0.0775050324803077,3008.3203839592666,1976.6404188948236,3189.802970412486,976.32739065786,194.8310986622801,359.1959358937687,-284.92242,94.10734,114.93456,46.042908,-0.31208783,39.031925,47.84225,29.631065,-4.4425936,28.11875,21.193024,20.878864,-25.77781,19.670118,12.38396,17.057327,-18.648197,12.527017,-8.744878,13.4684725,-12.010926,12.533869,-13.864473,10.650289,-9.863119,10.259525,0.36489525,0.30357257,0.2875915,0.29551077,0.27736467,0.30666158,0.25084212,0.2761035,0.22634098,0.28066766,0.21839464,0.2846456,0.26517487,0.29876623,0.31233925,0.33368725,0.3018936,0.31716776,0.3112283,0.34227034,0.3540003,0.27366474,0.52752876,0.37905917,1.4062713,12.8433695,18
19+Baby Formula - Introducing Enfamil Premium A2 _ Enfamil.mp3,30.09,0.10556666,0.059222065,0.34953463,0.0384647699049961,0.0437250472871087,1964.2689958572455,1520.141351956161,2691.9817521233817,1047.4282488454453,135.33380192889354,222.451368766631,-275.57162,84.85262,149.34753,43.557568,24.5323,35.8545,31.26219,24.988373,5.4313,20.18112,13.268516,18.492891,-25.692215,19.516323,7.650689,15.676326,-13.945024,13.767593,-9.316031,13.423666,3.365526,13.915968,-11.904734,13.400697,-4.0475492,11.312303,0.30113253,0.3234439,0.24727781,0.25241643,0.32122648,0.34688252,0.23947448,0.2436923,0.24250332,0.28966415,0.23868103,0.26031908,0.36484942,0.27661225,0.59187543,0.38003394,0.40882623,0.2781862,0.25249788,0.27095884,0.24846934,0.29046357,0.29254127,0.3103251,2.819751,27.216234,19
2+1950's Pet Evaporated Milk Baby Commercial.mp3,83.2,0.068129934,0.032221545,0.15487061,0.0345770164033068,0.0142020680084375,948.5907620602288,336.5937892693249,828.4634321546346,243.279430787578,135.67465153302126,136.91643718734016,-331.0305,28.385548,235.08101,28.562477,-6.2274013,16.471033,-27.669893,9.836745,5.453254,10.504557,-15.17222,7.8973365,-7.871345,7.197396,4.48632,6.84056,-9.048227,6.346831,-9.079884,6.9030175,-7.9947634,7.1706223,-12.855346,6.599846,-5.167246,6.863014,0.43616617,0.3457783,0.2894526,0.23183547,0.29185978,0.34720364,0.23945004,0.24773417,0.39825365,0.29118595,0.4482215,0.34356457,0.2818717,0.24705534,0.30183157,0.31595868,0.30384964,0.25166908,0.46682522,0.32897088,0.45075417,0.31430006,0.39453655,0.28191146,1.0821272,5.536664,2
20+Baby Formula - Introducing Enspire™ by Enfamil® _ Enfamil.mp3,30.05,0.050485127,0.03579899,0.14022133,0.0512410528920432,0.071746496275438,2020.4672142668608,1744.9920705488794,2358.4418730665825,1094.6047625813678,178.64716298002466,363.0137260182878,-349.17484,98.27202,147.6217,43.3875,8.454201,37.89324,25.085999,29.198248,-2.3494103,21.896988,15.472073,16.108715,-11.890895,19.792864,13.7203045,15.769843,-10.802017,11.011861,-8.9795065,11.530984,-5.096455,12.127348,-6.610346,10.939601,-0.19090344,10.249057,0.31001216,0.33274552,0.42205125,0.3085341,0.52567214,0.36714384,0.40515175,0.29132342,0.3258363,0.30166143,0.2902501,0.29401255,0.34215432,0.33071586,0.32046297,0.3271012,0.29678717,0.26397988,0.37575155,0.3380907,0.3000558,0.27454215,0.2679251,0.3033086,0.72347665,6.5536385,20
21+Baby Life - Formula.mp3,17.07,0.067128204,0.04736084,0.17629638,0.0490767467921482,0.0627293164413384,2461.456354293683,1686.2445795315798,2967.9387503807134,1267.8374002606974,528.7802870467563,787.4698765587519,-275.97748,134.49237,122.49197,52.628365,-18.734295,16.316309,36.733932,20.867155,1.208408,16.942589,26.439127,15.003526,-9.765347,14.946857,19.049326,11.917155,-2.7949893,10.393657,11.857323,9.688762,-1.5072366,7.3281584,3.929051,7.4409547,-1.5492389,6.761484,0.5765018,0.34854084,0.49832594,0.30662203,0.46516365,0.29714784,0.4579049,0.2866005,0.53132516,0.34960538,0.50783634,0.33385152,0.46648842,0.30287746,0.5221879,0.34028316,0.48116374,0.31128705,0.47684664,0.3131463,0.45949283,0.28493014,0.51788646,0.30765727,1.2379402,11.007997,21
22+Baby milk advert shows girls becoming ballerinas and boys scientists (1).mp3,37.99,0.027588688,0.024303053,0.11261924,0.0493247605885273,0.0624720362218147,1946.813286520985,1736.1703461672382,2122.204448023529,1380.7673349720833,691.4345254674861,920.961024137242,-401.09943,156.32095,112.0453,70.46101,-7.493905,32.464546,31.979893,30.155767,-9.921993,21.577719,14.555151,17.813854,-10.442673,16.751957,6.0763354,10.926816,-0.4171355,9.29086,-4.2927227,10.66034,3.2900798,9.676088,-6.497255,9.259744,-1.3980517,7.567943,0.2787431,0.27650714,0.38582492,0.37397072,0.34223798,0.33291188,0.2999044,0.3150399,0.28382263,0.2850547,0.34333146,0.33856207,0.34541547,0.35237196,0.25480157,0.2789961,0.27351388,0.30234224,0.21726967,0.24158092,0.19130103,0.24196716,0.19158885,0.21164395,0.24391025,1.9523667,22
23+Bellamy's Organic   A pure start to life!.mp3,30.120249433106576,0.054242544,0.027201941,0.14062636,0.0331229678468208,0.0333502740208912,1593.0763925383208,1159.7588053618242,2466.5194509810035,1017.0674321373364,227.75909893933832,437.4613052122999,-334.79443,88.43323,161.61172,46.103676,20.270584,20.636333,36.06108,20.20366,-7.6241918,15.683187,16.766024,15.416307,-10.865829,13.307841,0.42042258,11.920106,-15.437187,10.211857,-7.436779,9.992138,-2.5200834,10.268914,5.386242,11.866083,7.7795415,10.255813,0.12742738,0.16769406,0.2339362,0.20147501,0.4898267,0.3552323,0.3996949,0.25114745,0.4482213,0.34398055,0.34664103,0.22591329,0.44404787,0.36512724,0.36422315,0.2963568,0.26652896,0.17920563,0.47804993,0.36588943,0.2919134,0.22264108,0.12904646,0.15605916,0.7098651,5.1233296,23
24+Bellamy's Organic.mp3,15.14,0.09566192,0.07373443,0.35196397,0.0855188128591954,0.0538190218901031,2905.573152429883,1094.1021253495246,2848.441926085328,501.8743776680674,182.864547645151,285.06791465078777,-225.53429,84.65019,118.422104,39.60081,-45.631638,19.342117,31.070719,24.131805,-6.7708216,16.2154,19.627497,13.619988,-6.0904703,13.273975,3.799697,13.352723,6.713491,12.737734,-4.7717304,11.60144,-13.626812,13.847553,-8.880981,11.30175,4.011525,9.280454,0.6857023,0.37061232,0.31917328,0.21801081,0.3057484,0.30221835,0.30799767,0.28169852,0.33244872,0.31918615,0.23680006,0.26895505,0.25590086,0.25682577,0.2299734,0.24108684,0.19734769,0.22644007,0.2207874,0.27183798,0.2285357,0.2509599,0.4187184,0.27434805,2.5197961,29.637766,24
25+Burt's Bees Baby Formulas.mp3,30.09,0.034016643,0.026280502,0.118963584,0.0624770176263503,0.0829924593519285,2558.058778010428,1894.2212331980957,2932.84010633171,842.2439201973598,305.0311543959993,482.3104883826877,-360.60648,78.61051,130.1625,42.14828,-3.198989,20.294954,23.8081,31.082394,7.2494063,23.857769,33.44542,20.390463,-11.24869,19.331509,9.001513,13.990156,0.2255105,11.361137,2.389727,14.107312,2.7702603,11.096232,0.85587585,11.695982,-4.42435,10.583286,0.33287984,0.26441804,0.37602115,0.275899,0.43103236,0.32084292,0.39011353,0.29172274,0.44532692,0.32054272,0.47312564,0.3069396,0.5735768,0.299589,0.5232542,0.31250957,0.4807144,0.30856907,0.5548933,0.322542,0.4571732,0.28793767,0.36877325,0.28278667,0.3448817,4.0791473,25
26+Carnation - Good start infant formula - Tv commercial - 1995.mp3,30.19,0.5509047,0.17323205,0.81358033,0.0402373035611303,0.0539362841995683,2016.9789495488208,1181.6045992916158,2600.0114591203514,628.1052710025738,254.38145198028784,514.6515686377086,-58.064217,86.96874,166.38545,45.115246,-26.83012,23.907152,39.897808,19.815798,-13.7780695,10.655657,21.211025,10.334723,-12.6140995,8.989379,10.378613,8.074111,-9.837658,8.236728,0.19257969,7.8808784,-2.9251373,7.276135,-6.957014,7.426986,0.2529295,7.2456017,0.313814,0.30305666,0.38152054,0.30994457,0.4904897,0.35508567,0.44995248,0.32904732,0.3811517,0.32218254,0.38209155,0.33189175,0.4052109,0.32854155,0.37899372,0.32884592,0.32986352,0.2980402,0.3590669,0.33403483,0.3131746,0.30268914,0.2935177,0.29168043,62.428303,380.0431,26
27+Carnation Follow Up Baby Formula 90s Commercial (1997).mp3,29.56,0.024669284,0.010659366,0.05651238,0.0394944189855712,0.0248784534392665,1941.8054452140457,578.2554859536152,2723.3960274951373,588.8377436518681,210.85746455516244,367.9411115596813,-361.33398,43.62605,165.37646,25.522371,-20.074556,24.281067,23.27452,18.634743,14.906911,16.949848,17.7418,15.569693,-15.36545,12.823324,19.460802,11.155248,-8.413997,9.087936,2.6516984,8.391978,-0.28904995,8.418625,1.3042469,9.3793745,-4.4614005,7.4237432,0.41494945,0.3311941,0.34457788,0.2765822,0.33506814,0.27371395,0.3450981,0.28659928,0.39558414,0.30920026,0.41456702,0.32270366,0.4192217,0.2990163,0.46600053,0.33544883,0.4058823,0.2915984,0.4265039,0.32251197,0.4295135,0.30273813,0.434844,0.32489982,0.13261536,0.85299295,27
28+Carnation Good Start - Baby Formula Commercial (1992).mp3,30.35,0.0856399,0.06510951,0.29564258,0.0306588342495219,0.0222791838987923,1468.1526510064766,811.2772173822701,2134.7749250302813,752.6841164204953,133.73285706570695,204.11512532213484,-309.8562,47.72533,164.2742,33.563644,20.599728,24.358002,20.014437,20.71242,-1.2161878,17.658533,3.313733,11.70183,-3.8193042,11.808832,-6.989339,11.247368,-4.2029767,9.8249655,-7.4397593,8.958634,-4.039722,8.520732,-11.951461,9.800003,-10.422213,10.61339,0.21956958,0.24575874,0.2680419,0.29284185,0.2533274,0.27148506,0.29288426,0.30663207,0.29443485,0.3065991,0.33428225,0.32354638,0.39127707,0.35749608,0.3392076,0.28043178,0.44478434,0.3890243,0.342474,0.28672168,0.32953107,0.35814837,0.25112137,0.2655865,2.2762535,23.464426,28
"29+Carnation Good Start Formula & Mom-To-Be Planner Commercial, August 1993.mp3",60.35,0.36575827,0.009215835,0.3682625,0.0001555287074437,0.0052826611081106,371.2417154714759,237.9065732363561,1371.7761414069882,314.48562273265054,204.1287942841895,318.47587938257004,-367.62018,35.153473,140.76952,26.998055,3.8335564,23.664284,14.650627,21.839844,4.99972,16.208324,1.3033808,12.499594,18.397007,14.169852,-9.561161,12.690746,-5.186281,11.093537,16.882093,12.0755,-1.0660839,10.491963,3.0724,10.602607,6.5283175,10.25559,0.76641595,0.084350824,0.8294598,0.08623977,0.8721693,0.08390415,0.91012853,0.086540975,0.9270058,0.086222365,0.93174785,0.08386492,0.94181144,0.07998882,0.9272921,0.07762594,0.91770625,0.0791012,0.86179525,0.07809943,0.79210895,0.085310124,0.72086436,0.08189516,6.1838675,69.0915,29
3+1994 Gerber Baby Formula Commercial.mp3,30.07,0.052014593,0.020419316,0.10760449,0.0231295680962948,0.0357984084039177,1574.4821170572602,1205.2951505836884,2611.5498329807306,735.0035523955929,428.4538413326004,647.90708410567,-372.56003,78.745186,143.40834,34.302055,18.81452,30.167469,50.573883,23.074804,7.328475,18.535864,27.089577,12.5718,5.9746904,13.169277,16.31397,11.13514,12.609595,11.096436,9.590249,10.475128,7.2261796,9.345669,1.7548641,10.2240505,6.5207486,9.07646,0.691422,0.3018727,0.6908711,0.29449755,0.6596261,0.28085563,0.62570333,0.27599797,0.58386195,0.25681776,0.57696915,0.27101004,0.5166723,0.24370629,0.53439367,0.27178398,0.53560865,0.26118368,0.51432574,0.2522144,0.5527451,0.25478184,0.6201248,0.27967364,0.60076433,4.9217443,3
30+Carnation Good Start Infant Formula 1998 Commercial - Meet Max.mp3,38.2,0.14502993,0.07040426,0.3506492,0.0602746185145092,0.0683518129934588,1795.802920400206,1441.3037532775916,1812.845810079748,800.4179948111495,156.38309774883928,262.40719380546886,-210.55394,78.51002,192.02394,48.797596,-34.180294,25.63974,8.937141,19.092176,0.84271497,23.073128,11.027428,15.437939,-0.3884667,14.605005,-9.545469,13.669192,-4.385513,11.822797,-3.5697534,10.202895,-6.464489,10.63243,-7.4028935,11.106403,-4.6000156,9.971718,0.50105083,0.33049613,0.36273322,0.25704712,0.3772209,0.3093482,0.36151084,0.28369024,0.46530914,0.32393253,0.4681545,0.31367904,0.40383798,0.29305863,0.4565865,0.31332073,0.39174044,0.29450935,0.3523184,0.3166871,0.3255536,0.28099743,0.41311198,0.28936622,4.5990295,27.06675,30
32+Cow & gate - TV Advertisement - United Kingdom (2008).mp3,31.07,0.08054481,0.07257109,0.27556172,0.1066760468224691,0.0709402670343413,3257.8172206344543,1608.327486969142,2295.5837081325217,959.0175657387068,743.4618652993222,682.9534407194726,-332.26007,148.04277,96.02769,75.9437,-54.20097,47.766518,21.11698,31.618668,4.1085777,31.24052,3.7996087,30.64062,-10.83648,29.731396,-3.2145584,17.479189,9.16203,20.039984,-2.5640264,21.89888,-4.158949,18.445152,-5.5352054,16.331854,2.5708113,15.563587,0.31759715,0.34096852,0.29823145,0.32386246,0.28982952,0.324752,0.3285157,0.29401064,0.5699364,0.38628066,0.34872773,0.32253382,0.31019652,0.33566883,0.31037697,0.33019242,0.31088674,0.33587313,0.30011407,0.32177147,0.3091142,0.33445665,0.3153461,0.330238,1.7649637,16.506481,32
33+Cow & Gate (1).mp3,13.05,0.010698864,0.016889045,0.17456937,0.0907751736111111,0.0361436392427745,2951.5990576746003,420.3453507439475,3067.294890177886,369.3878766640749,256.37983716557204,468.45092718147833,-368.5453,43.59244,122.920265,16.263058,-32.03382,15.392929,24.933098,9.1470175,5.221632,10.3316345,-1.2105836,9.191874,6.2093115,9.712803,0.5475279,7.726693,-4.472257,9.413981,6.860188,7.6063657,1.2019471,8.419219,0.74886554,7.404618,1.1404229,6.4889812,0.6655714,0.29340103,0.6346196,0.29319438,0.603131,0.28560933,0.57989943,0.28174195,0.53776556,0.25275216,0.49920574,0.2506844,0.4812717,0.2525618,0.48549452,0.26307037,0.49482545,0.2712372,0.4979579,0.26568148,0.53993034,0.26591665,0.64131844,0.28856376,0.07212709,2.5145762,33
34+Cow & Gate Follow on Milks- Start your Weaning Adventure 2021.mp3,15.09,0.14018747,0.07078825,0.29754776,0.0397892878605769,0.0219684943095394,2132.1574932614385,1004.675465841765,2989.2379446322257,858.0805358525997,155.0695155473126,187.8382393419932,-212.79726,117.38257,155.27245,39.357666,-3.4249988,26.016819,32.76901,20.309982,-13.337886,20.424294,27.549255,14.942731,-8.172001,14.390623,9.8653965,11.466332,-18.024738,12.39298,-5.078568,11.72069,-7.906625,8.823593,-2.8943663,9.00441,-3.3707314,9.50315,0.510568,0.40506443,0.4050812,0.22164972,0.3191549,0.2322121,0.27560997,0.23809364,0.3439279,0.25335088,0.5978863,0.36010787,0.3452038,0.19809388,0.331621,0.34942505,0.20273842,0.19433354,0.25446004,0.25274968,0.2545444,0.2017392,0.2838132,0.16628912,4.600406,26.217138,34
35+Cow & Gate Follow-On Milk Ad.mp3,6.06,0.07591796,0.056244917,0.23706341,0.0514566121886973,0.0801416086005395,2419.6217835079788,1764.122419615989,2991.1982723100705,1012.6586652524508,267.30569805651885,550.2605687219869,-296.97498,107.31228,133.904,49.37515,7.921211,23.06435,25.485985,23.555826,-6.953059,21.57196,20.946259,16.971704,-8.602221,16.235771,18.551792,17.779562,-10.627249,14.0927725,2.2757356,15.134069,2.6334326,11.138063,-7.2535787,12.012274,1.5489196,10.027055,0.43562216,0.34831017,0.4320983,0.3384199,0.47919533,0.41050267,0.41785625,0.3710294,0.3026085,0.25900766,0.29007393,0.2927448,0.25851944,0.22913529,0.35190642,0.37470686,0.3202268,0.32617152,0.25020257,0.27662566,0.25580773,0.24879318,0.3300743,0.28645006,1.7091208,19.067425,35
"36+Cow & Gate Ireland Follow On Milk - Your Love, Our Experience - TV Advert 2018.mp3",30.14,0.03888258,0.023383372,0.16054241,0.0423135092775317,0.0594039980417535,2244.1686263110373,1553.5164889019873,2967.3086446005364,1045.7071512943708,179.75961496630833,394.8922146253167,-350.571,75.65821,139.76492,42.075333,19.783758,23.07107,22.125317,26.77285,-9.216124,19.831184,22.637356,13.111104,-7.1786346,15.070265,13.658004,15.117258,-5.088708,12.142001,-9.08757,15.090404,-1.0211544,9.730513,-1.6569204,13.666993,-1.4772465,9.696501,0.4220876,0.36125815,0.3431254,0.27460712,0.3207288,0.3065426,0.29864612,0.32179993,0.31662545,0.27722296,0.4538671,0.38900214,0.3593548,0.2907067,0.34397125,0.32599008,0.31195512,0.2911863,0.30176288,0.30180827,0.32431152,0.32083768,0.34225905,0.30711251,0.39335662,4.683546,36
"37+Cow & Gate Simply A2 Follow on Milk, Made with A2 Protein Milk Ad.mp3",15.02,0.18383397,0.12144765,0.52537656,0.0500680725946676,0.0623801370136378,2417.8294040749133,1334.0089976821123,3084.8643005371464,692.4258005869237,451.8113348094975,548.6308750149876,-212.15495,114.98485,120.701775,50.354412,-5.669657,19.18558,39.90139,18.355667,-5.907126,13.072761,26.179358,11.953007,10.875228,9.206488,15.694313,9.95612,6.1630545,8.786264,8.524346,9.974413,-3.3153958,8.258786,2.432471,7.651702,8.52765,9.125238,0.48567238,0.30588987,0.5107368,0.27618095,0.6531699,0.30055985,0.5714762,0.25091925,0.6920793,0.29862934,0.5324404,0.29803014,0.5070404,0.2998265,0.47836715,0.29767686,0.47579792,0.29605174,0.5227723,0.3106915,0.5082637,0.28319538,0.49214506,0.28414494,9.285805,89.52094,37
38+Cow's Milk Allergy & Nutramigen A+ with LGG baby formula.mp3,30.09,0.065284215,0.027957309,0.15051734,0.0759729456018518,0.0740294727848592,3540.882458332208,1591.8298990001629,3871.47370622598,679.5906890368153,228.59016510107116,412.34272220025184,-248.61087,71.66293,118.74283,37.89476,-6.910055,25.80769,45.54025,25.780855,-22.045748,22.083786,21.621786,16.840082,-27.730837,17.094677,15.313393,15.379994,-26.943499,16.327904,-4.2526712,13.438904,-14.109273,11.041892,-10.626969,12.242605,-7.8877497,9.97174,0.37529114,0.27702156,0.5213965,0.37356538,0.31453782,0.25434902,0.23948722,0.24017677,0.27927238,0.26104784,0.34031218,0.30235425,0.29024935,0.25074893,0.34862345,0.2858703,0.498894,0.34967774,0.4007285,0.3055122,0.33665735,0.31052327,0.30311447,0.2735724,0.8899877,6.0123386,38
39+Earths Best Infant Formula V3 20Dec2013.mp3,185.25,0.028079458,0.020303372,0.2404037,0.0811763829647646,0.083767565680018,2768.698954987304,1823.8288878264968,2816.353388235537,823.3529858937939,271.18024544715473,494.381541935395,-333.16782,75.46725,129.71849,47.921303,-10.919367,26.953022,21.128096,30.361954,-0.8726865,25.841766,15.061304,18.496298,-12.644341,14.651514,-0.13501067,11.748455,-1.8245928,11.626834,-6.5211506,11.607873,-4.676808,10.121665,-0.041318167,8.786621,-7.830994,9.305538,0.45707867,0.34554884,0.3849924,0.28071287,0.3659506,0.31416768,0.31933486,0.2784992,0.31755808,0.26488113,0.4072272,0.33303505,0.32965255,0.26365328,0.34006682,0.30227825,0.3322126,0.26928446,0.40530923,0.32892045,0.4043388,0.3085102,0.38802966,0.28600618,0.19192663,2.2907503,39
4+a2 Platinum TV Ad 2015.mp3,33.53,0.031766117,0.020239737,0.09181315,0.0663962781780027,0.090732863751165,2581.5148168830847,2095.1442289420406,2777.7790047052754,1248.2855927293308,467.91436109277225,758.5951178130092,-376.5387,138.61743,122.284,63.03427,-6.9386735,27.040972,36.45791,29.77327,-4.192377,22.443296,17.693756,19.399725,-21.149258,19.259346,9.617384,16.254362,-15.581454,13.280286,-2.3292134,11.174342,-11.066146,10.808017,-14.764854,11.977838,-1.5773878,10.449662,0.43762013,0.36074096,0.3457975,0.275284,0.3001997,0.28864348,0.3032586,0.31461746,0.367116,0.34098297,0.3813041,0.35230836,0.3424694,0.29792514,0.40319568,0.3439448,0.3201629,0.28451285,0.28172973,0.29347944,0.26675066,0.26480153,0.32856438,0.2807429,0.2439322,1.9321063,4
40+Emily Ley Shares her #FormulaForHappiness.mp3,63.18,0.055704523,0.03905961,0.3669143,0.0524211464362826,0.0668994061800435,2256.034909784221,1745.259903606631,2869.6382609261013,1162.1464226472424,235.72275241978187,446.5405087369626,-301.56882,89.68393,128.2771,47.08984,22.84124,28.032902,27.050482,22.943798,-4.3799777,20.746202,18.939308,21.19707,-11.738602,15.08006,1.6964431,11.187805,-5.3575473,10.208978,0.058035843,10.691735,0.5964082,10.018785,-1.9933977,11.310448,2.836598,8.738404,0.24724056,0.25790408,0.34083703,0.31001434,0.3309428,0.30440706,0.31785655,0.26425272,0.4194214,0.34456477,0.3518591,0.3064955,0.3417777,0.31736988,0.32337737,0.30459538,0.41227284,0.2892033,0.530699,0.3602743,0.32229695,0.2670943,0.23581646,0.27080727,0.87195545,9.093646,40
41+Enfagrow A+ - The Only Brand with MFGM Complex + Highest DHA_. Today Builds Tomorrow. (2).mp3,15.05,0.23441471,0.14259467,0.6011936,0.0864720870277563,0.0875678551070803,3534.193360778516,1781.1424793972424,3583.504567845975,647.9184124772399,279.1995386793632,459.1728192693864,-131.90742,83.56306,112.210175,40.785362,-20.239368,22.122648,43.127747,21.847221,-15.9455805,18.456417,28.07913,18.674305,-17.441875,16.058004,15.776311,13.97759,-9.106329,12.912172,-2.0162737,12.986915,-5.953632,11.724739,-1.9568557,10.217982,-7.337005,9.714184,0.3494625,0.30224583,0.3827334,0.3122069,0.43381473,0.3420796,0.40156084,0.32676715,0.38560736,0.3264648,0.3569626,0.30836782,0.3856978,0.3217367,0.3786877,0.33313105,0.35276234,0.3074742,0.39037657,0.33145675,0.3956393,0.3243863,0.38340473,0.31869817,13.699918,126.41725,41
42+Enfagrow A+ Brain Expo Educational Event - TVC.mp3,30.3,0.0608655,0.02552696,0.1298708,0.0573975544779693,0.0696027928864455,2149.059436962203,1511.741355891705,2390.72341805509,763.4461818492456,244.7940181300155,462.3287143700703,-280.86627,77.227974,166.94656,40.982063,-22.74124,28.852024,48.65788,26.066183,-8.867813,23.418747,18.236874,15.910865,-7.7896786,13.876599,-2.0766256,9.190901,6.305481,9.388335,-17.06878,12.079123,5.63701,10.072146,-12.047136,10.421262,-1.6458856,9.187853,0.3324252,0.26701054,0.44223356,0.30603832,0.5230447,0.3442493,0.46757096,0.31028748,0.3964485,0.309672,0.36762744,0.2688389,0.47052222,0.34035546,0.41088307,0.3153192,0.3458739,0.279299,0.41311467,0.32993189,0.36324477,0.28688443,0.3449838,0.28751007,0.79498,5.157946,42
43+Enfamil Enspire Baby Formula Milk Powder.mp3,30.09,0.115644254,0.0355435,0.23321465,0.0224179868344907,0.0088182440787566,719.7193787814385,262.9395309423208,895.6927867311568,255.0645577427668,123.0898996163514,136.789708077363,-293.19934,51.594997,248.3185,24.209337,17.256079,26.455894,-7.9834747,11.507698,15.261864,8.357612,2.3721056,8.717043,-4.102344,7.907024,-5.869456,6.819778,-7.4459486,6.7971864,-4.5074353,7.4032903,-3.4907792,7.3341117,-5.3096538,6.5559626,-6.6047935,7.128446,0.33904663,0.24723943,0.3694755,0.27872953,0.42650247,0.32827437,0.32921758,0.20919688,0.4103321,0.31763783,0.32864657,0.19302975,0.46665177,0.33806443,0.38914797,0.27189425,0.36851305,0.2192562,0.5245642,0.3431774,0.3644089,0.21703689,0.42043075,0.32222882,2.858775,13.064247,43
44+Enfamil NeuroPro Gentlease Formula I Choose all-in-one comfort for happiness.mp3,30.05,0.07633421,0.057754952,0.30716762,0.0602477579422556,0.0830249922744095,2398.735355727116,2011.887546343512,2692.441326739766,948.275132703522,289.12740514462945,510.79809043134514,-284.4213,82.58462,136.95174,49.395428,10.854754,26.131744,31.30518,24.727392,-13.475456,22.674704,9.057672,25.708286,-7.3213286,16.935677,5.3145647,12.508608,-2.9635103,10.721121,-1.8147855,12.124452,3.3086295,10.728441,0.9620539,11.448487,-0.62050635,10.384153,0.47720146,0.36093962,0.40427077,0.3050302,0.35154474,0.29842114,0.34483537,0.29132468,0.44719192,0.34585693,0.38546956,0.29759878,0.34405345,0.29652235,0.39889595,0.33724755,0.36457962,0.29101214,0.39214835,0.32153583,0.36665004,0.28914517,0.37397826,0.289668,1.7400458,17.545477,44
45+Enfamil Next Step Toddler Formula Commercial 1993.mp3,30.26,0.058474764,0.02959049,0.14311032,0.1402796257671653,0.1434412933636041,2650.0143448331523,1573.6716776843575,4386.886826684617,1078.2882228695005,483.3727438057565,700.8046431330835,-339.16385,53.01799,156.79332,35.12367,33.959583,28.99839,24.404192,17.56451,8.376094,14.641988,0.948252,18.16016,-2.0618246,11.520179,21.034523,10.471959,-11.291508,10.751612,2.9521458,11.464931,-7.487982,9.387631,11.202104,9.221997,-8.571688,8.338132,0.429613,0.34004268,0.37078804,0.2926562,0.3813,0.31578457,0.3847575,0.30962047,0.38673204,0.31006956,0.3591505,0.29979593,0.36264852,0.28918615,0.41835102,0.31303027,0.4483741,0.32030478,0.45422357,0.32933417,0.4500246,0.30415174,0.5113476,0.35019556,0.8293578,6.482406,45
46+Enfamil’s New Campaign Challenges Other Formula Makers to #RaiseTheDHA.mp3,30.09,0.06148722,0.038231067,0.16473685,0.0464577380521797,0.0574100041009173,2090.979651100384,1458.5077554660363,2584.539755093506,841.9676912109528,254.8935844835876,462.7375619982941,-291.18927,70.56574,157.70683,37.440994,-12.708613,20.466137,27.61298,22.808483,3.0524104,23.443789,21.9333,17.218103,-10.743636,15.135672,6.454542,11.434902,-6.2619634,10.549227,-8.5319805,10.972644,-1.1853958,8.868339,-6.0558505,10.776396,-5.1975207,9.84866,0.36065933,0.30914634,0.33088055,0.2990971,0.3975796,0.3357528,0.41250294,0.31393868,0.45233423,0.3550176,0.36489624,0.29344708,0.3672478,0.29936123,0.4120825,0.32253987,0.31831068,0.2748605,0.2954598,0.3161455,0.3044075,0.2671281,0.40377063,0.3349454,0.9985889,9.3611145,46
47+Enspire™ Moments by Enfamil®.mp3,30.09,0.06280199,0.040113404,0.18739276,0.0407950318889853,0.0439342259490361,1529.1563428712757,1220.6557877192677,2062.3967521662653,870.1702127399492,131.670742392663,241.6072647549905,-358.23834,83.051315,161.34991,40.706757,30.850418,36.652843,16.901907,34.93848,-11.668074,21.497263,-3.2813456,18.082115,-18.556364,16.819218,-4.2541513,13.172323,-1.9654356,13.170811,4.6443152,13.492408,8.760548,11.65973,4.465951,10.686379,2.6771357,8.735786,0.33409506,0.33587673,0.23016044,0.21804959,0.32613808,0.31310645,0.2340813,0.22320287,0.29730815,0.3555921,0.22740376,0.21787293,0.3976754,0.34413478,0.3887132,0.32505336,0.21338166,0.2169946,0.2130594,0.28597704,0.22421077,0.21149658,0.4596949,0.3617324,1.0646819,9.350374,47
48+Fuel baby's development.mp3,30.09,0.08511265,0.03660981,0.17629518,0.0443222611038773,0.0505956391696459,2243.6512936872214,1582.820580632064,2755.535765724968,1098.1748819755946,169.229301531193,300.1050426668434,-279.3114,103.912445,137.8343,34.881805,4.782341,36.144943,45.132362,24.334665,-3.5811799,24.133068,25.985268,19.182602,-8.492371,15.637388,12.892566,14.706445,-5.5306344,11.833706,-5.750853,13.319606,-5.6195097,12.405823,-6.9041333,11.89622,-12.574888,8.782266,0.40659586,0.31406295,0.35355476,0.29816437,0.3699913,0.3601793,0.29773355,0.30480218,0.22713089,0.2779549,0.21752925,0.27542436,0.25435635,0.26805764,0.3327166,0.34334266,0.3137827,0.30923352,0.30412298,0.31213692,0.3560611,0.26633036,0.5380973,0.3601036,1.621358,11.619841,48
49+GERBER  Infant Formula commercial- Genius.mp3,32.42,0.09876713,0.07337655,0.3048839,0.0474802379833512,0.0488153304215361,1611.498186016574,1162.2919602757006,1488.4881894370612,758.2287770569135,321.78707025584754,583.9965083575111,-282.09592,107.96313,153.66585,56.529465,-30.034595,40.88571,20.143328,32.467735,7.072495,20.012333,-6.565027,14.547719,0.72204036,13.129471,-11.206648,17.31617,-2.3708017,14.124669,-9.262084,11.978622,-7.7852345,11.9455385,-6.215199,11.472787,-13.3127,10.8691845,0.4074301,0.37321708,0.32522765,0.29561052,0.26034954,0.30054787,0.2078926,0.24434984,0.26313758,0.30243427,0.2539186,0.29956168,0.21092667,0.24405956,0.29863146,0.34284997,0.28615096,0.26335627,0.37152866,0.37365523,0.29945794,0.29250133,0.29122216,0.2840472,2.750805,26.94636,49
5+All in One Day.mp3,31.3,0.067961,0.03335741,0.15246361,0.067112772684069,0.0839357511961008,2783.795922397312,2135.898059890809,2907.883609942526,1068.8430518995042,231.53574356427129,424.9137452473568,-296.38074,96.905685,128.8437,57.028996,-5.607332,45.774525,40.385277,31.739046,-0.89790106,27.611095,24.83139,25.63059,-17.920414,21.399841,19.939165,16.691843,-6.818532,15.101083,1.3913493,13.84573,2.5803838,16.566769,-6.035787,12.163419,-6.744558,9.904676,0.4324558,0.35364997,0.37619618,0.2995938,0.38351098,0.306558,0.42028084,0.35394293,0.3642044,0.30740327,0.2770098,0.26764432,0.29108593,0.26256657,0.3732027,0.32637787,0.38909668,0.32174426,0.4019164,0.3311547,0.40424794,0.30386385,0.41048193,0.31449863,1.0344892,6.883916,5
50+Gerber Baby Formula_Soy Baby Formula Commercial - 1992.mp3,30.05,0.13327266,0.013145363,0.18555932,0.0056924654185979,0.0078350901873247,782.4721419974237,610.0051534665955,1621.5149387092624,479.2241063979303,182.12511217748076,373.20161165297264,-320.38522,57.023327,180.3034,30.919601,0.15130128,25.478401,46.63371,20.269676,6.736826,18.796808,18.106028,11.385289,8.471829,10.698731,7.777285,12.249447,11.610264,10.055298,-0.10447875,8.261698,7.7404976,9.572336,-0.46381387,8.818768,2.0603192,7.593444,0.5472066,0.3087248,0.5166604,0.28380322,0.5355635,0.2981833,0.548,0.31324667,0.5312145,0.31292164,0.52329546,0.31478536,0.527338,0.3035204,0.55311954,0.332906,0.52954614,0.31172192,0.52825564,0.32154673,0.52223104,0.29604274,0.5271841,0.29245943,1.5238824,9.203037,50
51+Gerber Good Start - Gentle Formula with Comfort Proteins Advantage.mp3,30.79,0.03967556,0.021577705,0.10738442,0.066703672728986,0.0743201712564657,2705.6945512664524,1683.8120986582203,2978.849499474185,775.8832598006678,273.4853747457257,495.5098583669521,-326.48666,85.262856,130.57657,43.48181,-22.558996,25.740065,23.933657,28.082779,-10.4526205,22.6625,19.051872,19.644472,-25.763378,16.88049,4.488452,11.723057,-17.603085,13.513795,-10.377619,10.4337225,-7.4229646,12.393488,-10.671564,11.988372,-9.461382,9.941684,0.34147227,0.34546313,0.30033228,0.3024069,0.30486885,0.3207773,0.26279503,0.29326156,0.22830673,0.2550165,0.2927851,0.32639083,0.2812496,0.3018168,0.26616016,0.30737618,0.2857304,0.29882783,0.36960733,0.334604,0.43402398,0.36480856,0.33604443,0.29215416,0.36823612,3.0058236,51
52+GERBER GOOD START Infant Formula commercial - Welcome to the Gerber Generation.mp3,16.97,0.04941825,0.03151246,0.11813451,0.0522287267014363,0.0599573882552706,2611.703984978454,1762.319551454862,3136.022858651748,1402.5558256853951,485.2061708829864,707.893072844806,-339.32095,137.666,110.82364,55.31072,-5.6487474,25.18706,35.28466,27.934671,-4.3330817,19.203775,34.65238,21.899746,-2.2492964,16.1522,22.169445,16.275549,-11.033149,13.928279,3.5670676,10.727496,-3.706164,11.765158,4.42599,13.203353,-1.6216708,9.825822,0.2391167,0.24526392,0.31196058,0.29407763,0.4045991,0.36529958,0.36298358,0.30427295,0.351375,0.32890856,0.32352677,0.30885297,0.39640343,0.36881822,0.3736169,0.3469519,0.36657757,0.3511154,0.39004612,0.36199743,0.2986199,0.2835802,0.23452346,0.23152235,0.61556596,4.609282,52
53+Gerber® Good Start® Soothe.mp3,31.14,0.049653556,0.035615932,0.1538244,0.0857420419073798,0.1037059574820938,2866.5461826971778,2189.667185817228,2783.541590518473,920.2489708488232,366.44523470834827,612.9766348103967,-331.07678,87.670044,123.105675,59.707226,-13.555008,27.544542,24.77351,30.052814,-12.037412,24.482533,18.732084,21.070808,-14.334284,17.176826,-0.29081064,14.146395,-3.0761938,15.419734,-6.949823,12.514466,-5.252204,10.381038,-5.7951274,11.807501,-7.424867,9.19037,0.47512385,0.336426,0.46481064,0.31928602,0.46149394,0.32952112,0.43561286,0.33317629,0.4133084,0.31119743,0.3948903,0.31849596,0.33528835,0.27326256,0.3569824,0.3176219,0.35450828,0.30091628,0.35305473,0.3123834,0.38296703,0.3145548,0.42532426,0.31853577,0.6924898,6.601563,53
54+Growing-Up Formula-Enlac TV Ad.mp3,35.92,0.027916605,0.014954633,0.09483272,0.0682192348093083,0.0712634848440336,2965.1548682960006,1746.4747273630214,3290.421069046531,1019.6139898464083,341.2249930548294,569.768636876954,-324.20996,91.92926,130.08385,44.985382,-22.652023,23.525942,33.31122,17.85137,-2.5359824,18.062035,31.17787,18.75414,-9.821955,14.168665,18.95471,11.560687,-6.566391,10.126841,7.840275,9.570823,-4.654736,9.893577,4.1479435,9.030733,-0.28455642,8.020142,0.4347668,0.28474918,0.4692216,0.3026298,0.4371586,0.28373414,0.43408212,0.28823078,0.4905631,0.32514438,0.48017907,0.31873712,0.46541536,0.3136289,0.45057788,0.29120275,0.47730622,0.30268463,0.5405688,0.3488532,0.48086423,0.2992361,0.44769725,0.28544235,0.17386612,1.261002,54
"55+Happy Gut, Happy Brain _ Similac Total Comfort _ Formula Milk for Sensitive Tummies.mp3",15.07,0.10764514,0.05413015,0.31191114,0.0607430896362586,0.0707619414538596,2907.87727546429,1657.3338180221358,3388.7341177813464,608.8813237168235,200.6413434082985,343.9566761065561,-213.56755,72.01781,127.23702,36.618523,-1.7656515,24.3546,43.86629,22.60105,-9.90154,21.105513,20.08237,17.945148,-19.319675,17.617075,4.9804144,11.084034,-10.247516,13.456558,-4.903298,10.843209,-4.603326,11.9674835,0.025019998,12.41484,-4.290102,8.974534,0.47774562,0.3648876,0.41868538,0.2951599,0.45305744,0.37843812,0.34688815,0.29132435,0.30694562,0.29924244,0.31500027,0.3139481,0.2721244,0.2675832,0.29350936,0.31142735,0.264062,0.25131482,0.28652853,0.29423016,0.3167072,0.30635682,0.39815238,0.3138817,2.6443498,20.48937,55
56+HiPP Organic UK Big On The Little Things - Brand film.mp3,30.07,0.040696513,0.020171776,0.09222536,0.0710312590457352,0.0559413001033655,3065.594045320057,1285.8078603041697,3442.6931886187003,635.309883615723,361.2127005751062,601.0526962922809,-288.2667,94.11179,130.68169,31.905855,-15.139969,32.51776,61.191505,21.754486,-15.179381,19.705376,30.693007,20.18957,-13.102321,13.341108,17.577406,13.298449,-12.304542,11.624251,1.443854,11.308478,-2.4513984,10.88999,-4.1848626,12.714216,-3.0409765,10.288142,0.4196053,0.29551584,0.3929692,0.26142082,0.44324696,0.2952125,0.4563363,0.31010112,0.46493417,0.27890933,0.5319938,0.32006222,0.4420711,0.26020145,0.4234507,0.29318684,0.4317666,0.29441205,0.46043462,0.3063363,0.5136934,0.33974862,0.41849217,0.2658847,0.36183032,2.3185391,56
57+Holle Organic Infant Formulas.mp3,114.34,0.1432648,0.07330437,0.420247,0.0684044898276474,0.0788428268024433,2709.1648699261627,1769.6272924616148,2979.6316939242256,960.6797607583256,226.8158359585278,439.6071958775967,-174.011,81.08413,147.00754,44.05258,-10.223937,25.975876,44.432964,25.652683,-10.766367,22.065577,23.33974,19.967009,-15.72138,15.395672,10.677531,12.943136,-8.256408,11.3305645,-3.0996292,9.5584,-2.1290934,9.993323,-2.857543,9.201513,-5.210591,8.358264,0.4537983,0.2910486,0.38545743,0.23642778,0.54511386,0.34788537,0.401532,0.23958214,0.35486576,0.2976584,0.32015187,0.26037723,0.35552457,0.28290543,0.40115422,0.30559507,0.35216582,0.2559822,0.4207565,0.31909972,0.4171499,0.25277227,0.5307542,0.31671137,4.622716,35.877316,57
58+How Long Does it take to Transition ( -32).mp3,32.65,0.055892218,0.030840576,0.17372929,0.0365021912771062,0.0186147727575614,1566.9135980952135,786.3033477763199,2117.466004229424,745.3438603453721,127.2353600541312,128.9335168774071,-284.29385,82.10755,194.11028,36.352177,-13.975665,23.147432,10.411137,16.950237,-16.327776,16.138578,11.356391,11.774721,-6.545335,12.041061,-2.1896162,8.354331,-6.3977156,9.112665,-10.181608,9.66115,-9.1661625,7.510788,-4.645176,7.023263,-4.083773,7.757194,0.6225438,0.35897484,0.442653,0.23817587,0.37282026,0.29542014,0.37206224,0.22399357,0.57817453,0.3303996,0.50822437,0.27608174,0.3136467,0.23003073,0.45677218,0.32276616,0.3603212,0.2429944,0.29932714,0.2590402,0.30363664,0.24299496,0.3787699,0.22616227,0.7586448,4.546147,58
59+How to make a baby bottle of Similac® formula..mp3,54.57086167800453,0.14317636,0.057026234,0.3048886,0.0495659999202297,0.0301725149803908,2348.8102142713938,1163.9129089550222,2822.86810782177,1024.91734339494,173.14569791791322,281.128981051076,-178.8577,100.48802,150.79451,38.37539,-27.556238,20.378477,38.51569,27.026854,-5.518549,19.88374,21.261215,22.80439,-15.026956,13.125294,4.252217,17.27692,-12.747859,12.19864,-0.86971164,13.367056,-11.222853,10.915904,-4.9586973,11.552376,-6.024653,10.652401,0.3248834,0.22967651,0.3593497,0.28546,0.30774096,0.2067371,0.42030358,0.23876496,0.6114781,0.338371,0.4456742,0.23819266,0.4134401,0.34400922,0.3263606,0.20246093,0.5002637,0.34326494,0.426239,0.29903072,0.30848265,0.23467143,0.4086772,0.32596457,4.3359675,23.745932,59
60+Introducing Enspire™ by Enfamil®.mp3,15.02,0.04209079,0.029327337,0.12582067,0.0554350155767001,0.0770332575829357,2137.5635701139454,1898.9377121659163,2378.8492228100395,1016.3180439237558,203.09580090085944,416.79814639859705,-368.7403,96.6916,136.94629,47.21527,8.427779,36.716515,33.68183,29.81029,0.3720241,23.85847,16.049717,17.787119,-11.158769,18.81612,10.059918,13.079088,-13.477632,11.74644,-10.491666,11.107291,-2.952873,12.541701,-6.162387,11.044895,-1.64884,9.368674,0.29884738,0.30781245,0.42558834,0.31175733,0.5724082,0.37861288,0.44729847,0.29238346,0.33045426,0.30639887,0.27714536,0.30984306,0.30058792,0.3132637,0.27710977,0.31335214,0.26523256,0.26939103,0.33307964,0.32831767,0.26187828,0.24804646,0.25015098,0.26547042,0.49783698,4.5788975,60
61+Introducing Kendamil – Britain’s baby formula.mp3,35.78,0.17554668,0.09293769,0.4602589,0.0310628941738319,0.0247144928170395,1969.449995623148,1076.1709222958398,3043.9995704092144,858.07286879603,211.2125999197049,385.5703113079913,-205.12305,84.81663,146.8917,29.55515,13.211861,27.353136,43.24399,18.454468,-2.138278,17.827393,35.329044,15.754961,4.5679917,10.563345,20.1964,11.348412,-3.4530587,10.0797,3.3670385,9.551203,-0.21338764,7.398521,-3.5363395,8.722323,-3.3178327,9.5261,0.50363636,0.36153117,0.4032406,0.28214443,0.3730557,0.27139595,0.35969692,0.24459738,0.4536852,0.3071997,0.42152467,0.26694638,0.44640586,0.20140983,0.7403979,0.3156898,0.5379852,0.23010248,0.34106094,0.25053918,0.29175037,0.23153602,0.36742103,0.26231834,7.539933,63.475464,61
62+Introducing NEW Enfagrow A+ with MFGM Complex & 40%% Higher DHA▪.mp3,15.35,0.14980714,0.07411682,0.33662564,0.0948638570011337,0.085509200668428,3337.282671620811,1662.642009966803,3286.514132742065,652.0822404684916,377.7860940398492,613.0345731663234,-152.09639,80.05253,122.55015,41.218784,-26.462936,26.20741,55.339264,22.19491,-17.636133,17.340876,32.851917,17.189802,-14.158383,13.326675,12.788646,12.427151,-7.4091516,12.500895,-0.5259733,9.236347,-4.6979866,8.827555,-3.1039932,9.225971,-1.5760667,8.409325,0.5996362,0.3578028,0.45997792,0.27246362,0.39834467,0.27405557,0.4039635,0.28220364,0.47036165,0.30851912,0.45437098,0.30616027,0.39664263,0.2705303,0.46994737,0.2999737,0.38378966,0.27262,0.3483665,0.29061702,0.34828195,0.27128136,0.42524144,0.28277293,4.8652744,37.720734,62
63+It All Adds Up.mp3,30.09,0.06868695,0.027348699,0.14489943,0.0587037639853395,0.0716338227625604,2640.031599640805,1974.3915043743675,2986.0222458551007,1134.1421985360512,228.65461121183927,417.0434480486592,-285.55554,92.75245,141.25272,45.36527,6.2383866,44.694633,44.673107,29.392561,-4.799658,21.147423,28.486217,20.381935,-15.409964,22.258423,26.71903,15.185999,-7.6878767,13.892298,-1.384649,15.339361,-0.42709172,15.725913,-6.2250032,13.356795,-5.1542697,11.204365,0.5118369,0.3574818,0.38223228,0.28338313,0.3098353,0.27212015,0.28926384,0.2568445,0.38266242,0.33423662,0.36745927,0.31684318,0.3250053,0.27755824,0.38359004,0.32416618,0.38911203,0.28718612,0.427207,0.32713455,0.41931134,0.28822216,0.43933266,0.28648326,0.98336583,5.9230456,63
64+Jersey 爱薇牛 Milk Powder Commercial HD. mp4.mp3,55.89,0.05299374,0.036946017,0.16497685,0.0499297499805255,0.0581228111025252,2341.895325894333,1485.6890987297948,2913.3324302959686,970.446367110287,194.68173602858877,388.26102586385065,-297.033,85.860275,143.70245,39.207733,-6.5751243,26.42007,32.59514,19.01694,-6.0933237,19.065294,13.685293,15.876593,-9.912875,14.482819,15.776016,10.601271,-1.7693616,11.336215,-0.5649272,11.284789,-3.9747636,10.306999,-5.2896557,10.651157,-5.499763,8.439095,0.29847643,0.260625,0.398497,0.31120947,0.44447303,0.33368787,0.3904477,0.3004675,0.39046812,0.32063243,0.40561718,0.29855475,0.510273,0.33172348,0.4306632,0.3102155,0.3733737,0.2856179,0.47230977,0.344316,0.3568677,0.26924947,0.3021338,0.25803092,0.7943551,7.3470697,64
65+Join thousands of happy Kabrita families.mp3,30.09,0.060233705,0.05580787,0.24291758,0.0664718062789351,0.058258636207286,2416.869396437862,1250.7172140404596,2558.137092762728,651.3730183133694,305.9509138251346,416.6294862101368,-306.35822,97.95413,143.11607,46.10256,-30.843931,42.06475,14.182949,27.683033,-2.216028,22.030718,9.100189,18.706532,-6.449749,18.529995,3.4715452,14.633141,-2.6396344,14.154697,-2.457077,12.990466,-1.1600821,11.590295,0.535318,11.28525,-2.691273,11.191185,0.45671415,0.32618806,0.43367076,0.29664016,0.4472532,0.3168492,0.46383384,0.33343086,0.4368226,0.3257535,0.44757095,0.33625877,0.41923136,0.31797248,0.4289796,0.32260734,0.4220825,0.30740622,0.45400694,0.32362846,0.48528844,0.33436573,0.4416748,0.30553335,1.0467623,9.3787,65
66+Karicare _ Only What Matters.mp3,30.07,0.05892469,0.033633556,0.14659378,0.0467879347983404,0.0570047812268394,2114.279012832109,1468.636901649175,2571.7829819251087,950.6198981508882,253.94010587637652,499.2071567593683,-307.3726,103.32473,145.84067,44.62289,-6.576011,29.205341,34.278885,28.955835,-4.481383,19.273443,13.150397,17.53234,-9.811983,16.55694,10.831264,12.087628,-8.087409,10.942756,-1.9979005,11.50765,-4.0415025,11.839914,-10.703275,11.128392,-4.7015557,9.150204,0.3916277,0.35787392,0.33232445,0.30735946,0.30500993,0.32536498,0.29166046,0.3101554,0.33781993,0.32503223,0.31181115,0.30018002,0.31447262,0.25169158,0.51035947,0.3895217,0.34509608,0.26429182,0.22701395,0.26417807,0.24645002,0.27243838,0.315317,0.30396527,0.8504192,6.597832,66
67+Karicare 'Australia's Happiest Toddler' TVC - AdNews.mp3,15.05,0.06562118,0.046352137,0.24644715,0.0557939445595605,0.0657554209630334,2585.136554469286,1893.0797535669903,2971.909275302038,1082.0184929172833,495.4730944194547,700.626632278269,-309.59045,101.491776,113.39924,52.130566,-15.69486,35.447468,16.894953,25.580421,0.09225429,23.4408,10.976533,21.080545,-13.155615,17.864439,9.70964,15.201831,-10.213389,16.299889,-1.2959771,16.015162,-5.671988,14.619341,1.1909188,12.657681,-0.70191133,10.039375,0.29289505,0.32351682,0.32837573,0.34211388,0.35226047,0.34586483,0.36961746,0.35737723,0.34991395,0.33579782,0.36353752,0.35253096,0.38243607,0.34545404,0.3854995,0.35156685,0.36109564,0.33207932,0.3281037,0.32804236,0.29507574,0.32447302,0.28277075,0.32629386,1.181382,11.20141,67
"68+Lactel Milumel 'Rototo' baby milk_leche de formula bebé, commercial publicite.mp3",30.54,0.06312086,0.029839363,0.14640078,0.035110966600152,0.0321749212343417,1955.881082531518,1083.983068105199,2634.85480981516,847.2660268173747,164.2241890683923,327.6519053275938,-305.01578,88.42132,149.36992,34.921165,-17.180597,21.935549,35.524734,21.668327,7.483225,20.842756,21.421167,16.860598,-2.8213928,15.186552,11.852187,11.13854,3.1442387,10.597556,3.1329696,13.253838,-9.0295,10.716756,-2.508979,9.47795,-1.6905806,10.030393,0.29893053,0.31874636,0.3397104,0.25115582,0.5154785,0.3516371,0.4680529,0.31940922,0.3891895,0.30798957,0.39082724,0.30718538,0.39977577,0.2947115,0.50818187,0.39332262,0.3900178,0.3137158,0.29806507,0.26058057,0.2331171,0.21744037,0.3086123,0.3362488,0.92734444,6.69201,68
7+ANS BABY TV Commercial (English Version).mp3,30.09,0.08442984,0.056183208,0.2722736,0.0575359956717785,0.0627166218090506,2475.9982607372976,1402.830979241072,2925.4381746990607,702.1554851359614,230.45583851494163,395.6232256282394,-252.26558,66.89464,138.82024,36.90273,-19.224491,23.730434,24.851006,22.97094,-6.689684,19.658787,8.115569,17.688295,-11.755294,15.133435,5.4394464,13.524227,-11.573011,12.291697,-0.526748,11.890908,-5.687108,10.2487755,-1.9952366,10.306072,-0.26859787,9.652089,0.28305468,0.30051166,0.32213545,0.32627958,0.32907498,0.30734313,0.37605527,0.33467433,0.40076292,0.33934525,0.3711373,0.3350838,0.3517463,0.3386412,0.3028869,0.30150154,0.32248992,0.32557327,0.323773,0.33738574,0.2730931,0.2898418,0.28788963,0.29485476,1.9495748,20.029833,7
"70+Mom, Becca Stanley Shares Her #FormulaForHappiness.mp3",15.12,0.029861603,0.024205225,0.17563187,0.0579922984219109,0.0887650193411408,2258.954545696886,2090.392279559889,2492.9291053575794,1114.6736052254814,227.15391926948683,385.0796091779236,-381.1528,85.02938,130.76993,52.503986,20.925434,33.494293,23.977604,26.23522,-6.2839036,21.090717,8.735403,19.035587,-8.466674,15.679794,-3.4759157,12.857621,-9.838675,11.208761,-5.653568,12.166818,-5.291785,11.265362,-6.1031423,11.118227,-8.207622,9.255962,0.19468334,0.23882493,0.21237375,0.2396651,0.23851223,0.23754689,0.38481918,0.25005502,0.67000973,0.32793364,0.560345,0.27434295,0.39830863,0.3109577,0.3993359,0.31390744,0.4659954,0.3019368,0.43375787,0.30580407,0.3083869,0.2711409,0.23489453,0.2625192,0.2558632,3.2746236,70
71+Mother's Day 2021 - You Made Their Lockdown Magical.mp3,30.07,0.11862542,0.047286443,0.282171,0.0255745549498263,0.0101705646456575,965.6440508138232,407.8355193465407,1380.5372377080182,409.3293710572703,158.26674461278444,122.368076781454,-253.83693,54.19721,214.82439,30.898365,-0.38855815,14.907912,18.486923,15.287137,13.452172,13.745865,1.2772822,7.5382237,1.6321688,7.0832644,-3.1201832,6.210886,-4.4592752,6.5009885,-7.023644,6.1407533,-3.1791637,7.567889,-0.7676371,6.4376125,0.381111,6.9138556,0.38378778,0.18914877,0.21583119,0.21019393,0.16443756,0.15292384,0.24160518,0.25058436,0.26193783,0.2554187,0.30165458,0.17114046,0.6189359,0.33633518,0.28114054,0.15896343,0.1067144,0.0952581,0.16271313,0.1256464,0.4658271,0.2533904,0.75956756,0.29676393,3.1586206,17.208572,71
72+Nestlé Good Start Plus Formula Ode To Bellies EN 15s.mp3,15.07,0.046629727,0.022846526,0.1106596,0.0636893163010007,0.0625668893590037,2701.662996661675,1586.0095220340725,2976.4739806749053,848.4806403520156,292.3254022024952,413.7683975257414,-302.94687,78.655525,139.92316,40.528564,-26.697989,29.6108,36.00681,27.382315,-9.692582,23.44967,23.614534,23.12242,-15.78554,18.025562,16.563345,15.763806,-10.649833,11.766619,-1.8153535,15.37548,1.8546389,12.713756,-0.61078423,12.974631,-2.8361552,10.203446,0.39177018,0.34621507,0.3468615,0.3057418,0.2988774,0.2842361,0.32684386,0.29748014,0.3827774,0.33722734,0.34645328,0.3111968,0.29693982,0.2702534,0.37232935,0.3339272,0.32489797,0.28171805,0.36049768,0.35264456,0.31347874,0.29337287,0.3145849,0.28275305,0.4935584,3.4486,72
73+Nestle Good Start Supreme Baby Formula Commercial (2004).mp3,30.3,0.16775146,0.07645456,0.36568496,0.0373452840636973,0.0369520458256424,1681.4236268101056,1054.2892218503837,2267.1257208514103,723.1919884970242,122.77347628971414,185.08147676872957,-199.73334,54.476593,184.34082,33.44548,-10.736602,19.87397,21.52711,22.99132,-1.4659028,19.479883,8.84108,15.445428,-10.794443,14.734799,2.3224893,9.641726,3.890759,9.806521,-1.6545985,11.010946,5.847023,10.1657715,-11.816266,11.578747,-10.528251,9.281208,0.34679085,0.33052388,0.27503282,0.26909342,0.32287723,0.26306695,0.45621577,0.35329494,0.3196933,0.266968,0.2862634,0.28205788,0.30585262,0.2699476,0.4093577,0.31723714,0.4819815,0.33895543,0.36497244,0.2698622,0.38134092,0.34207082,0.29364312,0.24166548,6.6092334,50.294056,73
74+Nestle Good Start.m4v.mp3,30.05,0.08286268,0.036854204,0.18770178,0.0728383983318849,0.0667906715880884,3094.736240506088,1545.523432618637,3289.972500360449,903.0163053008812,301.73443073962574,426.1723357720502,-215.07527,75.41464,133.00061,35.794903,-28.701767,31.870989,39.429436,22.006409,-15.270721,19.197132,19.322329,21.477234,-15.171665,15.900637,15.814102,16.085411,-8.461396,12.082966,10.254015,11.987373,-4.6060247,11.119811,3.2804317,9.9890585,1.503836,9.5434475,0.41931137,0.34162962,0.39399007,0.32269865,0.35921568,0.29894224,0.37834856,0.30266777,0.43234146,0.31833628,0.49667153,0.35461468,0.4561592,0.33419594,0.40634087,0.31740868,0.38933322,0.31013837,0.39063656,0.31950942,0.37187964,0.29479432,0.37395683,0.3003733,1.4333187,9.998985,74
75+Nestlé LACTOGROW TVC – English 15s.mp3,15.07,0.18011755,0.09040117,0.40151903,0.0685529584055042,0.0792944592023204,2883.329858154784,1790.3840646536264,3099.7795780206684,806.3061611033643,258.6554430634663,448.33211272196655,-171.29683,77.41988,134.01714,42.355644,-23.416197,25.897339,35.37116,27.336554,-7.861083,23.190397,19.006565,22.113207,-23.461819,18.832422,12.106968,14.902091,-10.30159,13.106318,-5.767724,18.944496,-3.1136916,12.494488,-1.5059692,13.498375,-5.8105793,11.206195,0.3511744,0.34114552,0.3273814,0.31159076,0.2802155,0.28375268,0.27995914,0.27928042,0.37021446,0.33219764,0.41813636,0.35212806,0.34543607,0.28592396,0.41686717,0.3564379,0.35350972,0.30355486,0.31571093,0.3256386,0.2796147,0.28350282,0.2798727,0.28049737,7.337442,51.94617,75
76+New Enfagrow A+ MindPro Gentlease - For Sensitive Tummy.mp3,15.09,0.08920764,0.054759666,0.2518333,0.049986102764423,0.0698180007628999,2166.8254889371588,1758.6974189811897,2610.0934079857675,848.0304488532281,173.14060218422955,328.7812576722746,-282.4861,98.69771,142.14255,55.60975,3.2893445,28.579304,41.35628,27.18518,0.7784242,22.325596,14.061652,23.545769,-14.701004,17.12227,1.0604403,13.017125,-6.8141856,13.073637,-9.300108,13.829684,-8.077742,11.291404,-7.4586434,9.491384,-9.448542,8.8589735,0.557133,0.3753914,0.41406155,0.27896118,0.30384785,0.2624227,0.3005619,0.28667355,0.3543946,0.32099262,0.30659857,0.27974075,0.30876836,0.2696463,0.42050564,0.34559345,0.35364965,0.29378423,0.29937503,0.28626457,0.31698397,0.27751178,0.39973888,0.27992553,2.0943193,15.9592905,76
77+New S-26® GOLD PROGRESS®.mp3,15.07,0.112131335,0.05274669,0.35044122,0.0599589828714395,0.0596209574752115,2266.985557942264,1535.8934614439509,2524.4481683240183,799.0101633940031,163.32112247441813,301.2091488194468,-196.03287,54.850986,170.72476,45.05021,-25.574324,18.837255,27.871439,26.913778,-8.358846,23.703945,17.463696,18.04593,-15.52403,13.81801,2.907366,10.836179,-7.04654,13.01184,-1.7744609,10.816123,-7.805549,9.531202,-3.4278047,10.706467,-2.6945543,10.189936,0.50823665,0.34324205,0.32783532,0.2498115,0.31469548,0.2865798,0.28492934,0.24814878,0.3723387,0.3217423,0.33469087,0.29405108,0.30520573,0.2450271,0.47772577,0.32477325,0.3741983,0.24284258,0.3466309,0.32156843,0.32337418,0.27574974,0.4235767,0.28931606,2.7850626,17.833351,77
78+Nunalac Baby Formula TV Commercial.mp3,30.19,0.07519828,0.04809219,0.27827176,0.044549985282103,0.0282126531894604,1574.251625975014,818.6497453982355,1904.6050204399664,847.141878305845,158.16676702557083,201.1135832650319,-296.91403,82.209785,160.8569,36.083885,-5.995547,37.69018,0.36398992,27.577585,-9.919946,18.72908,-6.9437346,20.630611,-5.934981,15.238426,4.74329,18.076237,-8.504929,13.658115,-8.945943,14.093172,-12.001551,13.547451,-7.932927,11.18002,-2.3025932,12.132592,0.45980728,0.3219281,0.32119596,0.24254048,0.4024546,0.38078368,0.2704165,0.21976557,0.38145882,0.36961895,0.3198849,0.3371668,0.23296817,0.23982699,0.29220408,0.2987944,0.20497279,0.21789609,0.21463269,0.27994308,0.2247249,0.24906191,0.34754512,0.29544434,1.4688083,12.841851,78
79+Nutrilon Opvolgmelk.mp3,52.08,0.14994746,0.0769623,0.3554998,0.0192044955834819,0.0135406992108719,1169.5219671149932,750.0826883992837,2245.877058820192,870.2326065252345,141.45624137129016,237.2357683126152,-301.26172,93.57872,162.55997,44.867943,43.864967,26.496899,19.09459,15.533938,1.4151311,14.262745,9.750742,11.898547,-10.134535,11.746477,-2.1443558,12.231253,-19.323322,12.810379,-8.501713,14.242731,-15.395047,9.356267,-9.5913,8.827355,-10.009071,7.5104027,0.15972927,0.21112981,0.23413472,0.21932991,0.38682696,0.40031663,0.3117734,0.3025474,0.1822005,0.21005689,0.24252057,0.28009918,0.3771578,0.34115463,0.42486808,0.38558584,0.31479686,0.25478828,0.34335223,0.33525646,0.3124672,0.33716375,0.20482002,0.2564183,5.5982146,39.756927,79
8+Aptaclub-Aptamil.mp3,15.09,0.045625944,0.020612432,0.14076439,0.040732421875,0.0264135080745011,1867.6430314386253,994.1687070146096,2458.3752374353217,960.1016198441488,142.63280295520218,230.244824969306,-297.68903,97.355965,165.67569,37.979343,-5.0963163,35.6939,31.615292,23.323984,-1.5450168,11.206325,17.497177,11.598502,-7.661323,9.402974,6.0001264,15.202926,-5.18607,8.571115,2.7761607,8.286722,-5.5980062,5.907736,-5.636092,8.21007,-4.714423,9.672437,0.41078055,0.32044807,0.3890341,0.20908986,0.555026,0.3667352,0.44306576,0.25184342,0.46146297,0.27987593,0.4754742,0.29238498,0.30380002,0.21884428,0.25998175,0.21782123,0.34668848,0.19790256,0.65198255,0.3444797,0.43182877,0.217102,0.29290742,0.18081796,0.47538775,3.1547637,8
81+Pet Evaporated Milk For babies Commercial 1952.mp3,60.26,0.04827296,0.03626278,0.15318568,0.0573203245400693,0.0365994291569443,1986.3118738771595,885.7640005776952,2178.7850616323512,803.5191418810118,218.31840686651145,368.572556129313,-318.99683,67.669266,178.84575,42.27486,-40.40593,26.288479,3.6306107,19.034756,7.380649,19.571604,1.4565467,16.152563,-13.721588,12.610771,-2.5789587,9.750275,-7.338589,9.861776,-7.701642,9.055784,-6.7820086,8.526727,-7.5877504,9.183957,-6.532512,8.755051,0.46006346,0.31947872,0.4598332,0.32103932,0.45381892,0.29829055,0.45943806,0.30074903,0.42936778,0.29254112,0.40828,0.29438025,0.4103528,0.29202437,0.42138052,0.29677764,0.42647582,0.28959233,0.45384938,0.3109477,0.47758836,0.3155489,0.47097787,0.30947435,0.6534767,4.438133,81
82+Real time video advertisiment for Baby Formula created by Dutta Innovations 1.mp3,85.52,0.07656029,0.0469619,0.27250367,0.0593907612707004,0.0715333146677036,2536.171230249637,1746.7652672052004,2940.4649943637296,872.7649854647552,241.72067054493533,423.9486623159388,-254.47383,63.256607,140.3526,41.0905,-4.759937,21.540009,32.840378,23.072256,-1.9393044,21.988186,23.449474,17.64246,-14.914924,18.445982,8.462285,11.296029,-1.4813395,10.126494,-2.8413596,11.087155,-1.9014324,9.889217,-0.7448063,10.842929,-4.5349894,9.194705,0.31282482,0.27774918,0.30016565,0.28156033,0.29358825,0.2578713,0.36209267,0.32997254,0.37006682,0.31438202,0.4025168,0.31168148,0.49397194,0.34786206,0.4065111,0.29391694,0.3599574,0.30470365,0.3231997,0.288973,0.36175784,0.28811207,0.4112617,0.33977115,1.5040781,12.823067,82
83+Safely Store Formula ( -56).mp3,55.73,0.07136605,0.03970548,0.26726234,0.0417533863387835,0.0264763177189813,1962.2104308689968,1066.8144399936284,2574.1089328069934,1029.3495814625237,142.2278272426897,129.5421981829245,-239.65475,85.63108,172.05794,37.304123,-6.3558526,21.967089,14.75276,23.745573,-12.80774,15.581112,13.538674,13.891282,-7.0592146,11.646043,2.300367,12.464961,-7.955076,8.716505,-5.0257807,12.06233,-8.674319,6.8233256,-1.5150003,8.176647,-2.638142,7.344782,0.7078585,0.33978578,0.47665083,0.22332798,0.35879764,0.27949393,0.35669678,0.21591164,0.5376421,0.3203951,0.47454947,0.2714293,0.31792104,0.22512193,0.47368622,0.31545395,0.3674863,0.23590629,0.32247195,0.26198962,0.31243625,0.23367955,0.39717916,0.20884869,1.248614,10.316331,83
84+See how Similac® NeoSure® supports preemie growth and development.mp3,45.07,0.033316504,0.019056445,0.10813459,0.0668717707796806,0.0920955715549931,2705.032885602106,2227.264144065155,2948.929927967344,1006.9619313469155,248.8192608344496,486.83015320102857,-366.91357,76.96787,134.86218,55.79941,13.475377,31.330463,25.814396,33.075268,-6.13469,24.528692,25.114151,19.33397,-23.26824,17.38858,5.39235,13.375482,-7.8732934,12.905629,-1.732582,11.418086,-2.5340137,12.444026,-9.439993,11.599263,-9.049123,9.503565,0.29826364,0.30746168,0.31998858,0.28593424,0.38726366,0.31122923,0.4220694,0.33906952,0.38795367,0.31317613,0.4665938,0.36676875,0.39245927,0.30411538,0.34890467,0.3304734,0.30419978,0.2786871,0.29599026,0.29783586,0.32239386,0.3072292,0.3182312,0.30936232,0.26740837,2.601007,84
85+See why Similac® Soy Isomil® helps with fussiness & gas.mp3,30.09,0.06967819,0.0474087,0.25099012,0.0624108962070794,0.0961696696465424,2287.5278295666744,2323.591258137162,2374.247732200841,992.2288726129624,309.62321599583834,546.6628132959481,-313.30005,77.32405,143.27412,59.65292,15.560498,33.262386,28.039967,30.74466,0.26884052,27.602959,15.295657,22.911352,-13.205479,16.959019,1.8159131,12.077462,-3.1637442,11.3723545,-1.3313624,12.760247,2.6633692,13.061547,-0.7148018,11.461117,-5.5133677,10.52779,0.35722592,0.32797965,0.32776928,0.2922214,0.31146005,0.2899547,0.2959786,0.28460914,0.33293,0.2909016,0.43193138,0.35837638,0.38376048,0.30586472,0.36630705,0.32723582,0.3400071,0.2799797,0.37223703,0.32145667,0.4317244,0.35085925,0.38242042,0.302452,1.32051,13.800597,85
87+Similac Infant Formula for Immune Support ( -15).mp3,17.04,0.031274498,0.01840289,0.09805351,0.0688765938990122,0.0967745961195395,2496.887341929487,2186.841934934272,2601.5828441631797,989.5370677625328,236.3749358296737,463.3987272702472,-373.63116,68.047134,148.0123,56.756298,3.046568,29.73987,18.89398,33.44748,-7.239741,25.580498,19.934841,19.448748,-18.312798,15.775284,6.750128,13.0901985,-7.698793,10.510467,-2.4506354,10.93601,-0.076633215,11.778264,-15.529455,13.569172,-8.9660635,9.030386,0.3589524,0.32602173,0.29958212,0.2748035,0.3357059,0.29999706,0.33751065,0.3060593,0.38489044,0.31784588,0.41651198,0.3533382,0.37739372,0.3017438,0.42823076,0.35221323,0.31015962,0.24890877,0.29524806,0.28025806,0.37051326,0.33882177,0.34287074,0.28047603,0.23527084,2.352387,87
88+Similac Infant Formula for Immune Support ( -30).mp3,32.09,0.030121813,0.017202586,0.09733401,0.0719290376356238,0.0985469708315376,2631.4993668108045,2251.973113762555,2730.629198244092,963.3139241021236,258.3658329533134,494.7309562881993,-371.82617,72.04949,143.36345,56.616882,4.028,29.58423,21.359327,33.79903,-9.450458,26.002092,21.408377,19.902245,-19.97627,17.424385,8.183492,13.414572,-6.438523,11.274102,-0.096291184,11.577797,-0.5702363,11.544606,-14.501171,12.652368,-9.414976,9.5612755,0.3369928,0.31704405,0.3106531,0.27445528,0.38160107,0.31991836,0.38161433,0.3051108,0.43385342,0.32511967,0.4729532,0.36580783,0.3828255,0.293871,0.3766999,0.32618746,0.3104246,0.26984245,0.32322162,0.29857868,0.36105847,0.32981774,0.33450848,0.28633314,0.21248345,2.0588992,88
89+Similac Pro-Advance™ & Pro-Sensitive™.mp3,30.120249433106576,0.06980323,0.036750995,0.18042168,0.0446277772760115,0.0548911455721208,2085.1997576641324,1669.2194539362854,2519.0182943043737,1071.7640550777785,146.90258758945936,256.58803975050205,-295.68298,77.52281,161.10234,43.93215,5.1187553,39.232258,28.04917,30.122892,1.5148346,23.748497,13.567117,20.592289,-10.529387,16.874039,5.437426,14.307665,-14.556706,16.391539,-4.4074116,11.905608,-8.91798,11.296074,-3.9462273,12.17614,-2.879354,10.262681,0.32573074,0.3424609,0.27319297,0.24392205,0.50404155,0.28405342,0.6447054,0.3582676,0.50503415,0.2900754,0.26784933,0.27641353,0.23317309,0.25832117,0.25312436,0.2807148,0.23524666,0.27829608,0.23643735,0.27590305,0.28380316,0.30437475,0.26983938,0.262061,1.1463436,9.283763,89
90+Similac® For Spit-Up helps reduce frequent spit-up after feeding.mp3,30.09,0.046376016,0.035897534,0.2582181,0.0510905701437114,0.0791427696918049,2003.1509746333568,2031.4158809359208,2283.1088358735888,1093.8334261081136,267.27252934919125,501.8957569115796,-348.2072,84.58099,145.7929,56.728054,18.1903,33.019604,24.93203,29.42309,3.2013931,23.937603,12.3738985,19.240202,-11.998448,16.455368,2.8655238,11.821377,-4.310369,11.631524,-1.2295337,11.306171,2.2334707,12.2707615,-1.8648834,10.396174,-4.261493,9.52295,0.33870846,0.3181229,0.29806277,0.25662953,0.32080597,0.30324262,0.3046615,0.2939443,0.32727653,0.28207552,0.43697786,0.36255693,0.36190307,0.2854293,0.33546045,0.31536505,0.32090908,0.2769815,0.36728045,0.31481615,0.44898397,0.36554715,0.3637792,0.28734404,0.6484974,7.5963545,90
"91+Similac® formulas have no artificial growth hormones_,†.mp3",15.07,0.087286115,0.068094,0.3692124,0.0478914068514241,0.0673108256166487,1897.0753650454467,1730.9557386173567,2262.9026898292163,974.4768162672658,179.5741752828244,380.31110494403015,-299.26587,81.387505,138.14038,49.438828,20.822794,31.928928,26.740028,30.952597,0.7516498,22.835455,14.028315,14.430184,-10.071093,14.078436,-1.9452482,10.839736,1.6885557,10.462727,-5.875656,11.51541,-8.028006,9.897102,-9.172565,9.773901,-8.198074,6.8858266,0.63443416,0.38671476,0.45742002,0.29674393,0.3237513,0.2847422,0.27589878,0.2786423,0.2933653,0.2923336,0.295418,0.30457968,0.29259253,0.28853613,0.34733757,0.32425043,0.2884141,0.28388795,0.25706577,0.2787088,0.26381543,0.24710177,0.3696925,0.24563529,2.3589683,30.364153,91
92+Similac® Organic is modeled after breast milk ( -30).mp3,33.09,0.08457797,0.05780121,0.29620966,0.0649391797834093,0.0941773509376793,2598.814553388904,2150.6903412147394,2887.180048079714,1103.5629312146664,236.72341826448184,451.800167643842,-279.64438,90.17874,130.55147,51.819164,11.003281,30.662949,20.2842,30.52609,-5.984631,22.964495,21.514595,19.459282,-22.421791,18.134565,7.5222,13.788319,-7.0849457,12.259351,-1.4182979,11.162866,-0.5617573,11.098887,-9.924439,11.561235,-6.367605,9.075992,0.3328574,0.3306871,0.31605306,0.2848634,0.36814162,0.31998435,0.37031633,0.32677016,0.36414504,0.30982623,0.445419,0.37348175,0.38606074,0.30224013,0.3971005,0.33273628,0.33628842,0.28198993,0.3078771,0.3015583,0.34821415,0.3184428,0.33994922,0.3013356,1.9084474,21.12619,92
93+Simplify Feeding Night & Day - Enfamil Ready to Use Infant Formula.mp3,50.27,0.0388984,0.037408277,0.17752466,0.0648526585955542,0.0780418231467134,2509.5039045774806,1820.5402085246117,2757.879546317118,951.4585874086912,209.4466620433229,336.9524022670355,-379.207,98.08963,122.10785,59.005123,1.1799953,30.596727,12.132819,29.767344,-6.151663,22.892815,11.192426,17.45605,-15.351371,20.054483,3.388648,12.897296,-8.198162,13.058068,-7.358707,12.2259035,-6.1960096,11.732666,-7.5849576,12.964849,-2.9615073,10.995154,0.32544515,0.31886193,0.33111903,0.31673056,0.348463,0.33834448,0.2785666,0.26777503,0.3212407,0.33302557,0.2659876,0.27154025,0.3275607,0.3269013,0.31188208,0.3012034,0.33465165,0.2963006,0.40862843,0.34683755,0.37501615,0.3182649,0.36246642,0.31317213,0.5570553,6.5501204,93
94+SMA FORMULA FOR INFANTS COMMERCIAL 1960.mp3,58.93,0.08209769,0.062044956,0.28224477,0.0347699344956658,0.0308916215347475,1622.571265645348,862.867058296383,2392.901111588321,770.9044394584732,200.73003363213024,423.78287162269135,-287.82654,41.929554,170.93787,38.21284,-5.043583,22.086794,18.154945,16.170994,23.307886,18.389507,6.2742257,14.567991,6.702512,10.153993,1.8698335,9.673843,-1.4293078,10.297638,6.555841,8.511286,1.3884647,7.514904,6.829523,7.8277564,-3.1780877,8.619102,0.51693326,0.31915522,0.4102461,0.26564193,0.40946835,0.28416732,0.3994034,0.28421974,0.45982242,0.28872526,0.4447382,0.30765226,0.4126803,0.24797039,0.5493258,0.32978728,0.4821637,0.28106174,0.5004585,0.34123504,0.45937756,0.29074478,0.50819725,0.297994,2.0712805,18.705463,94
95+The Promise of Similac (1).mp3,30.09,0.034743525,0.02098435,0.09965648,0.0573044765142746,0.079066389742999,2281.7767202656173,1885.8723075185812,2608.298671373107,881.9843467129939,211.745398835776,366.7274233314873,-363.63742,81.951385,148.23222,48.333416,6.901007,33.34637,30.620768,33.025715,-4.7397437,25.396837,18.842348,20.28569,-18.413656,17.270773,2.0537157,15.803929,-6.4502916,11.794145,-1.3075558,12.516989,-1.3367361,11.457178,-9.835844,10.421506,-6.5289063,8.610748,0.30737826,0.2985365,0.30940703,0.2726817,0.36918828,0.32248083,0.36841556,0.31805536,0.36398193,0.2944879,0.47761056,0.37253115,0.3895503,0.2956713,0.3491502,0.3214428,0.3301441,0.29184982,0.35390535,0.30454645,0.4236343,0.34639472,0.3485859,0.28365633,0.29535052,2.8073084,95
96+The Promise of Similac.mp3,15.07,0.033668093,0.021797404,0.09813547,0.0540477350365665,0.0795194531131257,2098.4516751183714,1915.333550274243,2465.5719431330226,913.5408200663596,216.7435957144812,417.4424718734621,-373.16708,93.58031,153.31473,51.90469,13.962306,33.797417,25.136406,30.994896,-5.2406487,24.34177,20.832241,18.35628,-17.426548,18.68449,3.420684,13.149582,-4.607325,11.027493,-1.1495464,10.328461,-2.6630206,11.172419,-9.798993,10.620889,-5.860357,7.7288446,0.34579995,0.2934954,0.3086662,0.25251007,0.38205704,0.33056512,0.38055512,0.31912082,0.4225966,0.30027077,0.52129185,0.34816682,0.41101643,0.28583568,0.37804648,0.32985252,0.30692613,0.26123917,0.32140365,0.26215896,0.454804,0.3550367,0.38000894,0.29183397,0.28784683,2.6362834,96
97+The Wonder of Baby  SMA® PRO Follow on Milk.mp3,30.07,0.0416372,0.025439689,0.116514295,0.0597005333968544,0.0696739139246058,2458.209765596433,1609.7586319657812,2949.1332620472176,954.1331152628316,333.396394462589,584.9967413907681,-320.1073,91.68098,143.64244,44.341393,-7.360325,28.660868,38.298183,24.064886,-4.981054,22.906374,32.578323,21.729132,-11.395749,16.891619,12.591498,12.696733,-3.8869324,11.954008,1.9974551,12.666675,-4.681584,10.461305,-3.3822992,10.689815,-0.23904552,10.596544,0.43776882,0.2942074,0.45210892,0.28373393,0.50080705,0.28482214,0.5239365,0.2871297,0.48892763,0.28285766,0.42905095,0.28200203,0.42180043,0.2843267,0.4742257,0.29905397,0.48088476,0.29066586,0.51717955,0.30682504,0.58971953,0.30811712,0.5026659,0.2667467,0.4438624,3.2987897,97
98+Unibale Baby formula- Babyactiv8.mp3,30.07,0.03510664,0.016796468,0.09010116,0.0629807431373022,0.0632504915781586,3083.94633231983,1510.5068732128393,3439.12162595654,646.6548554601511,368.31320950526685,540.4409127453791,-304.71082,58.115242,125.35334,33.60453,-15.414314,19.967585,53.47939,19.808388,-9.955456,19.35552,31.427849,15.4736595,-11.907728,13.810682,15.58454,10.6982155,-5.1372805,9.82336,5.8654537,10.273127,0.9486031,9.110088,1.003157,9.321876,0.4947596,7.4920974,0.47708714,0.31719872,0.4562088,0.28985038,0.5209876,0.33956933,0.4515982,0.28860068,0.4465873,0.29500803,0.4210149,0.2793596,0.4609809,0.2881392,0.50635326,0.3398969,0.4482199,0.28541765,0.47478333,0.30861783,0.45635885,0.28464654,0.52733177,0.3294185,0.2801216,2.3202262,98
99+VINTAGE 1958 PET EVAPORATED MILK COMMERCIAL - CUTE BABIES.mp3,58.45,0.048806414,0.03087989,0.15774287,0.0336851996958788,0.021835201745787,1380.853342212086,525.3364080622731,1634.023818410188,281.7798452623841,207.22130050992416,358.4613122260213,-317.24393,66.9522,189.36641,26.304539,-23.29883,35.051537,27.16793,17.140856,13.856379,15.832284,4.5457087,14.085395,-3.6107125,10.199469,-7.098699,10.022356,6.5865006,10.194732,-10.072086,8.874261,-1.2228264,8.782198,-3.703841,8.257379,-9.068547,8.440129,0.5079336,0.33383042,0.4520808,0.28411567,0.40083736,0.27621925,0.39848018,0.3279865,0.38213405,0.272153,0.44507506,0.3043508,0.38430756,0.27343857,0.3416761,0.26502663,0.390539,0.27555686,0.49070966,0.31963804,0.54500383,0.31204402,0.47862133,0.2858523,0.6087089,4.1555233,99
