filename,segment,wc,analytic,clout,authentic,tone,wps,bigwords,dic,linguistic,function,pronoun,ppron,i,we,you,shehe,they,ipron,det,article,number,prep,auxverb,adverb,conj,negate,verb,adj,quantity,drives,affiliation,achieve,power,cognition,allnone,cogproc,insight,cause,discrep,tentat,certitude,differ,memory,affect,tone_pos,tone_neg,emotion,emo_pos,emo_neg,emo_anx,emo_anger,emo_sad,swear,social,socbehav,prosocial,polite,conflict,moral,comm,socrefs,family,friend,female,male,culture,politic,ethnicity,tech,lifestyle,leisure,home,work,money,relig,physical,health,illness,wellness,mental,substances,sexual,food,death,need,want,acquire,lack,fulfill,fatigue,reward,risk,curiosity,allure,perception,attention,motion,space,visual,auditory,feeling,time,focuspast,focuspresent,focusfuture,conversation,netspeak,assent,nonflu,filler,allpunc,period,comma,qmark,exclam,apostro,otherp,emoji,absolutist,agitation,dejection,accomplishment,behavioral_activation,breadth,decisions,effort_enjoyment,longterm,satisfaction,structure,competence,excitement,not_relevant,ruggedness,sincerity,sophistication,highcontroversial,lowcontroversial,mediumcontroversial,benefit,cost,creativity_innovation,alterations,cogs_precogs,enchantment_emotions,fabulations,infinity_eternity,renewal,spiritual_imagery,total,vision,agency,agentrelatedemotions,experience,mindoverall,patientrelatedemotions,security,VideoNumber
1+90 Years Crafting.txt,1,610,55.44,40.06,18.98,66.73,13.56,25.08,80.82,60.49,47.21,7.38,2.95,0.0,0.0,2.95,0.0,0.0,4.43,7.38,1.48,4.1,19.18,8.85,4.43,8.85,5.9,14.75,4.43,1.48,1.48,0.0,0.0,1.48,10.33,4.43,5.9,2.95,0.0,1.48,0.0,0.0,1.48,0.0,2.95,2.95,0.0,2.95,2.95,0.0,0.0,0.0,0.0,0.0,5.9,1.48,1.48,0.0,0,0.0,0.0,4.43,1.48,0.0,0.0,0.0,0.0,0.0,0.0,0.0,0.0,0.0,0.0,0.0,0.0,0.0,8.85,4.43,1.48,1.48,0,0,0.0,4.43,0,0.0,1.48,0.0,0.0,0.0,0,0.0,0.0,0.0,7.38,5.9,1.48,1.48,2.95,1.48,0.0,0.0,5.9,1.48,8.85,2.95,0.0,0.0,0.0,0.0,0,28.69,10.0,8.69,0.0,0.0,5.9,4.1,0,0.0,0.0,0.0,0.0,4.43,1.48,1.48,1.48,1.48,0.0,0.0,0.0,0.0,0,0.0,0.0,0.0,0.0,2.95,0.0,0.0,0.0,4.43,2.95,0.0,2.95,0.0,0.0,0.0,0,5.9,0,2.95,0.0,0.0,2.95,0.0,2.95,1
10+Aptamil Advert 2021.txt,1,628,85.05,99.0,24.57,65.41,13.96,20.06,85.67,57.32,40.13,11.46,10.03,0.0,5.73,2.87,0.0,1.43,1.43,11.46,4.3,6.85,12.9,4.3,1.43,2.87,0.0,11.46,4.3,7.17,8.6,8.6,0.0,0.0,14.33,0.0,14.33,2.87,1.43,2.87,4.3,0.0,1.43,0.0,2.87,2.87,0.0,1.43,1.43,0.0,0.0,0.0,0.0,0.0,14.33,4.3,1.43,0.0,0,0.0,0.0,10.03,0.0,0.0,0.0,0.0,0.0,0.0,0.0,0.0,1.43,0.0,0.0,1.43,0.0,0.0,10.03,2.87,0.0,1.43,0,0,0.0,5.73,0,0.0,0.0,0.0,0.0,0.0,0,0.0,0.0,2.87,10.03,5.73,0.0,2.87,5.73,0.0,0.0,0.0,4.3,0.0,4.3,8.6,0.0,0.0,0.0,0.0,0,26.43,9.71,8.44,0.0,0.0,2.87,5.41,0,0.0,0.0,0.0,0.0,1.43,0.0,0.0,1.43,0.0,1.43,0.0,0.0,0.0,0,0.0,2.87,0.0,1.43,4.3,0.0,1.43,0.0,2.87,0.0,0.0,1.43,1.43,0.0,0.0,0,2.87,0,0.0,1.43,1.43,1.43,0.0,1.43,10
100+Vintage Carnation infant formula commercial. #vintage #retro #formula.txt,1,3358,67.34,85.71,5.65,99.0,8.0,19.39,84.37,67.54,48.15,10.63,6.88,0.0,0.63,3.13,3.13,0.0,3.75,14.38,5.63,3.69,13.76,9.38,4.38,4.38,1.25,20.01,10.01,6.88,2.5,0.63,1.88,0.63,12.51,3.13,9.38,1.88,3.13,1.25,0.63,0.0,2.5,0.63,8.76,8.76,0.0,3.75,3.75,0.0,0.0,0.0,0.0,0.0,11.26,2.5,0.0,0.0,0,0.0,0.63,8.76,1.25,0.0,2.5,1.25,0.0,0.0,0.0,0.0,0.0,0.0,0.0,0.0,0.0,0.0,5.0,1.88,0.0,1.88,0,0,0.0,3.13,0,0.0,0.63,0.0,0.0,0.63,0,0.0,0.0,0.0,13.13,6.25,0.0,1.25,4.38,0.0,0.0,0.63,3.75,3.13,8.13,0.0,0.0,0.0,0.0,0.0,0,26.74,13.07,5.6,0.0,0.63,5.0,2.44,0,2.5,0.0,0.0,0.0,3.13,0.63,0.63,0.63,1.25,0.0,0.63,0.0,0.0,0,0.0,3.13,3.75,0.0,6.25,0.0,5.0,1.88,4.38,0.0,0.0,0.0,0.0,0.0,0.0,0,0.0,0,0.63,0.0,0.0,0.63,0.0,0.0,100
101+Welcome To Kendamil.txt,1,1076,93.15,83.65,19.04,96.36,19.21,25.56,80.58,52.14,38.85,5.11,4.09,0.0,1.02,3.07,0.0,0.0,1.02,14.31,8.18,2.88,12.27,4.09,2.04,5.11,1.02,9.2,8.18,3.07,6.13,3.07,3.07,1.02,9.2,3.07,6.13,0.0,3.07,0.0,1.02,0.0,3.07,0.0,6.13,6.13,0.0,1.02,0.0,0.0,0.0,0.0,0.0,0.0,12.27,4.09,2.04,0.0,0,0.0,0.0,8.18,2.04,0.0,0.0,0.0,3.07,0.0,2.04,1.02,5.11,0.0,0.0,4.09,1.02,0.0,6.13,1.02,0.0,1.02,0,0,0.0,6.13,0,1.02,0.0,0.0,0.0,1.02,0,2.04,0.0,0.0,5.11,8.18,0.0,0.0,8.18,0.0,0.0,0.0,2.04,4.09,3.07,0.0,0.0,0.0,0.0,0.0,0,14.87,6.97,5.02,0.0,0.0,1.02,1.86,0,1.02,0.0,0.0,0.0,3.07,0.0,2.04,3.07,1.02,0.0,0.0,3.07,0.0,0,0.0,0.0,1.02,2.04,2.04,1.02,1.02,1.02,6.13,0.0,0.0,0.0,0.0,0.0,1.02,0,1.02,0,0.0,0.0,0.0,0.0,0.0,1.02,101
102+Welcome to the Kendamil family!.txt,1,1131,89.52,88.74,26.07,89.47,16.88,26.26,78.6,51.55,38.9,5.84,4.86,0.0,0.97,3.89,0.0,0.0,0.97,14.59,8.75,2.74,10.7,4.86,2.92,4.86,0.97,10.7,6.81,2.92,4.86,2.92,1.95,0.97,9.73,2.92,6.81,0.97,2.92,0.0,0.97,0.0,2.92,0.0,4.86,4.86,0.0,0.97,0.0,0.0,0.0,0.0,0.0,0.0,12.64,3.89,1.95,0.0,0,0.0,0.0,8.75,1.95,0.0,0.0,0.0,1.95,0.0,1.95,0.0,4.86,0.0,0.0,3.89,0.97,0.0,5.84,0.97,0.0,0.97,0,0,0.0,5.84,0,0.97,0.0,0.0,0.0,0.97,0,0.97,0.0,0.0,5.84,9.73,0.0,0.0,8.75,0.0,0.0,0.0,1.95,3.89,2.92,0.97,0.0,0.0,0.0,0.0,0,18.04,7.6,4.77,0.0,0.0,1.95,3.71,0,0.97,0.0,0.0,0.97,2.92,0.0,0.0,0.97,1.95,0.97,0.0,0.97,0.0,0,0.0,0.0,0.97,2.92,1.95,0.97,0.97,0.97,5.84,0.0,0.0,0.0,0.0,0.0,1.95,0,1.95,0,0.0,0.0,0.0,0.0,0.0,0.97,102
104+What Now_.txt,1,968,40.82,97.26,19.74,91.65,10.76,15.5,90.7,72.31,52.69,14.46,11.36,0.0,0.0,5.17,0.0,6.2,3.1,8.26,4.13,3.93,14.46,7.23,5.17,10.33,1.03,21.69,3.1,4.13,2.07,2.07,0.0,0.0,11.36,2.07,9.3,1.03,1.03,3.1,4.13,0.0,2.07,0.0,5.17,5.17,0.0,0.0,0.0,0.0,0.0,0.0,0.0,0.0,15.5,3.1,2.07,0.0,0,0.0,0.0,12.4,1.03,0.0,0.0,0.0,0.0,0.0,0.0,0.0,0.0,0.0,0.0,0.0,0.0,0.0,10.33,4.13,0.0,3.1,0,0,0.0,6.2,0,3.1,0.0,3.1,0.0,0.0,0,0.0,0.0,0.0,10.33,8.26,0.0,2.07,6.2,2.07,0.0,0.0,5.17,6.2,2.07,2.07,0.0,0.0,0.0,0.0,0,23.24,10.12,5.06,1.03,0.0,3.1,3.93,0,2.07,0.0,0.0,0.0,3.1,0.0,1.03,2.07,1.03,0.0,1.03,1.03,0.0,0,0.0,0.0,0.0,1.03,3.1,0.0,0.0,0.0,6.2,2.07,0.0,0.0,0.0,0.0,2.07,0,4.13,0,2.07,0.0,0.0,2.07,0.0,0.0,104
105+Why KABRITA Goat Milk Toddler Formula.txt,1,16,1.0,99.0,,,4.0,18.75,62.5,37.5,37.5,18.75,18.75,0.0,0.0,18.75,0.0,0.0,0.0,0.0,0.0,25.0,0.0,0.0,18.75,18.75,0.0,0.0,0.0,0.0,0.0,0.0,0.0,0.0,0.0,0.0,0.0,0.0,0.0,0.0,0.0,0.0,0.0,0.0,0.0,0.0,0.0,0.0,0.0,0.0,0.0,0.0,0.0,0.0,18.75,0.0,0.0,0.0,0,0.0,0.0,18.75,0.0,0.0,0.0,0.0,0.0,0.0,0.0,0.0,0.0,0.0,0.0,0.0,0.0,0.0,0.0,0.0,0.0,0.0,0,0,0.0,0.0,0,0.0,0.0,0.0,0.0,0.0,0,0.0,0.0,0.0,0.0,0.0,0.0,0.0,0.0,0.0,0.0,0.0,0.0,0.0,0.0,0.0,0.0,0.0,0.0,0.0,0,81.25,43.75,12.5,0.0,0.0,0.0,25.0,0,0.0,0.0,0.0,0.0,0.0,0.0,0.0,0.0,0.0,0.0,0.0,0.0,0.0,0,0.0,0.0,0.0,0.0,0.0,0.0,0.0,0.0,0.0,0.0,0.0,0.0,0.0,0.0,0.0,0,0.0,0,0.0,0.0,0.0,0.0,0.0,0.0,105
106+WHY MOMS LOVE SIMILAC® GAIN PLUS.txt,1,621,,,,,14.79,33.82,3.06,0.0,0.0,0.0,0.0,0.0,0.0,0.0,0.0,0.0,0.0,0.0,0.0,1.93,0.0,0.0,0.0,0.0,0.0,0.0,0.0,0.0,0.0,0.0,0.0,0.0,0.0,0.0,0.0,0.0,0.0,0.0,0.0,0.0,0.0,0.0,0.0,0.0,0.0,0.0,0.0,0.0,0.0,0.0,0.0,0.0,0.0,0.0,0.0,0.0,0,0.0,0.0,0.0,0.0,0.0,0.0,0.0,0.0,0.0,0.0,0.0,0.0,0.0,0.0,0.0,0.0,0.0,1.13,1.13,0.0,1.13,0,0,0.0,0.0,0,0.0,0.0,0.0,0.0,0.0,0,0.0,0.0,0.0,0.0,0.0,0.0,0.0,0.0,0.0,0.0,0.0,0.0,0.0,0.0,0.0,0.0,0.0,0.0,0.0,0,17.23,8.7,4.35,0.0,0.0,0.0,4.19,0,0.0,0.0,0.0,0.0,0.0,0.0,0.0,0.0,0.0,0.0,0.0,0.0,0.0,0,0.0,0.0,0.0,0.0,0.0,0.0,0.0,0.0,0.0,0.0,0.0,0.0,0.0,0.0,0.0,0,0.0,0,0.0,0.0,0.0,0.0,0.0,0.0,106
107+Why Organic.txt,1,17302,38.56,31.9,40.17,62.26,13.29,23.06,85.68,68.21,49.76,11.65,7.04,3.16,1.7,0.0,0.0,2.18,4.61,14.32,4.37,2.17,11.41,8.25,6.07,8.25,1.94,15.29,12.62,5.58,4.13,2.18,0.24,1.94,13.84,1.7,11.89,1.94,1.94,1.46,1.94,0.97,4.61,0.0,3.64,2.91,0.24,1.21,0.73,0.0,0.0,0.0,0.0,0.0,7.28,0.73,0.0,0.0,0,0.0,0.24,6.55,1.46,0.0,0.49,0.24,0.24,0.0,0.0,0.24,2.67,0.24,0.49,1.7,0.49,0.0,11.65,7.04,0.49,5.34,0,0,0.24,3.64,0,0.24,0.49,0.49,0.24,0.49,0,0.24,0.0,0.49,6.31,8.5,0.49,0.73,5.83,0.97,0.0,0.49,1.94,1.94,8.01,0.49,0.0,0.0,0.0,0.0,0,16.96,8.0,4.85,0.0,0.0,2.43,1.69,0,1.7,0.0,0.0,0.24,2.91,0.24,0.49,1.21,1.21,0.49,0.49,0.24,0.49,0,0.24,1.94,1.21,0.73,3.88,0.24,0.97,0.24,4.13,0.24,0.0,0.0,0.0,0.0,0.49,0,0.73,0,0.49,0.0,0.49,0.97,0.24,1.21,107
108+Why Similac® formulas with 2’-FL HMO are palm olein oil-free.txt,1,397,91.75,40.06,1.0,92.43,11.34,29.97,75.31,54.66,47.61,8.82,3.53,1.76,0.0,1.76,0.0,0.0,5.29,17.63,5.29,3.02,21.16,3.53,3.53,5.29,3.53,5.29,10.58,3.53,5.29,0.0,1.76,3.53,10.58,3.53,7.05,0.0,1.76,0.0,0.0,5.29,0.0,0.0,5.29,5.29,0.0,0.0,0.0,0.0,0.0,0.0,0.0,0.0,15.87,12.34,1.76,0.0,0,0.0,0.0,3.53,1.76,0.0,0.0,0.0,0.0,0.0,0.0,0.0,0.0,0.0,0.0,0.0,0.0,0.0,5.29,0.0,0.0,0.0,0,0,0.0,0.0,0,0.0,0.0,0.0,0.0,0.0,0,0.0,0.0,0.0,5.29,1.76,0.0,0.0,0.0,0.0,0.0,1.76,0.0,0.0,3.53,0.0,0.0,0.0,0.0,0.0,0,21.66,11.84,3.27,0.0,0.0,3.53,3.02,0,0.0,0.0,0.0,0.0,5.29,0.0,5.29,5.29,5.29,0.0,0.0,0.0,0.0,0,0.0,0.0,0.0,5.29,0.0,0.0,1.76,0.0,7.05,0.0,0.0,0.0,0.0,0.0,0.0,0,0.0,0,1.76,0.0,0.0,1.76,0.0,3.53,108
109+Wyeth Lutein Launch 30' tvc.mp4.txt,1,446,93.22,31.29,1.0,99.0,12.74,28.25,71.75,43.95,32.96,1.57,0.0,0.0,0.0,0.0,0.0,0.0,1.57,7.85,6.28,7.4,10.99,3.14,3.14,6.28,0.0,4.71,9.42,3.14,4.71,4.71,0.0,0.0,7.85,1.57,6.28,0.0,1.57,0.0,1.57,1.57,1.57,0.0,15.7,15.7,0.0,1.57,1.57,0.0,0.0,0.0,0.0,0.0,7.85,7.85,6.28,0.0,0,0.0,0.0,0.0,0.0,0.0,0.0,0.0,0.0,0.0,0.0,0.0,1.57,0.0,0.0,1.57,0.0,0.0,12.56,9.42,0.0,7.85,0,0,0.0,1.57,0,0.0,0.0,0.0,0.0,0.0,0,0.0,0.0,1.57,6.28,3.14,0.0,0.0,0.0,3.14,0.0,0.0,1.57,0.0,4.71,1.57,0.0,0.0,0.0,0.0,0,20.85,10.54,7.62,0.0,0.0,0.0,2.69,0,1.57,0.0,0.0,0.0,1.57,0.0,0.0,1.57,0.0,1.57,0.0,0.0,0.0,0,0.0,0.0,1.57,3.14,0.0,1.57,4.71,0.0,4.71,4.71,0.0,0.0,0.0,1.57,3.14,0,9.42,0,1.57,0.0,1.57,3.14,0.0,1.57,109
11+Aptamil Follow On milks – Raise them Ready.txt,1,646,91.31,96.74,59.93,94.02,7.98,25.08,83.28,55.73,37.62,15.33,12.54,0.0,2.79,2.79,0.0,6.97,2.79,12.54,4.18,5.26,15.33,0.0,0.0,2.79,0.0,6.97,8.36,4.18,6.97,5.57,1.39,0.0,11.15,0.0,11.15,4.18,0.0,0.0,1.39,0.0,5.57,0.0,5.57,5.57,0.0,1.39,1.39,0.0,0.0,0.0,0.0,0.0,19.5,4.18,1.39,0.0,0,0.0,0.0,13.93,1.39,0.0,0.0,0.0,0.0,0.0,0.0,0.0,1.39,0.0,0.0,1.39,0.0,0.0,9.75,2.79,0.0,1.39,0,0,0.0,4.18,0,0.0,0.0,0.0,0.0,0.0,0,0.0,0.0,2.79,6.97,5.57,0.0,2.79,2.79,0.0,0.0,0.0,4.18,0.0,4.18,0.0,0.0,0.0,0.0,0.0,0,25.7,15.02,5.42,0.0,0.0,0.0,5.26,0,0.0,0.0,0.0,0.0,4.18,0.0,0.0,1.39,2.79,1.39,0.0,0.0,1.39,0,0.0,1.39,0.0,0.0,4.18,1.39,4.18,0.0,6.97,5.57,0.0,1.39,0.0,0.0,0.0,0,6.97,0,1.39,1.39,2.79,4.18,0.0,0.0,11
110-2001 Nestle Carnation Baby Formula Commercial - Aired April 2001.txt,1,574,13.09,96.94,3.12,69.56,6.38,25.09,84.32,68.99,54.88,17.25,9.41,0.0,0.0,6.27,3.14,0.0,7.84,15.68,4.7,5.92,12.54,12.54,9.41,6.27,3.14,18.82,6.27,12.54,1.57,0.0,0.0,1.57,15.68,3.14,10.98,1.57,1.57,4.7,3.14,0.0,3.14,0.0,3.14,3.14,0.0,3.14,3.14,0.0,0.0,0.0,0.0,0.0,14.11,0.0,0.0,0.0,0,0.0,0.0,14.11,3.14,0.0,0.0,3.14,0.0,0.0,0.0,0.0,1.57,0.0,0.0,0.0,1.57,0.0,0.0,0.0,0.0,0.0,0,0,0.0,0.0,0,3.14,0.0,0.0,0.0,3.14,0,0.0,1.57,1.57,6.27,6.27,0.0,0.0,6.27,0.0,0.0,0.0,4.7,0.0,12.54,0.0,0.0,0.0,0.0,0.0,0,36.76,15.33,2.96,1.57,1.57,9.41,5.92,0,0.0,0.0,0.0,3.14,7.84,1.57,0.0,3.14,1.57,3.14,1.57,0.0,1.57,0,0.0,1.57,0.0,0.0,3.14,0.0,0.0,0.0,3.14,0.0,0.0,1.57,0.0,0.0,0.0,0,1.57,0,0.0,0.0,0.0,0.0,0.0,0.0,110
111-2002 Good Start Formula Commercial.txt,1,598,55.55,96.09,26.84,99.0,10.68,17.39,87.96,62.88,48.16,13.38,9.36,0.0,0.0,2.68,2.68,2.68,4.01,10.7,4.01,3.68,14.72,9.36,4.01,6.69,0.0,17.39,6.69,5.35,1.34,1.34,0.0,0.0,8.03,4.01,4.01,4.01,0.0,0.0,0.0,0.0,0.0,0.0,14.72,13.38,1.34,10.7,10.7,0.0,0.0,0.0,0.0,0.0,13.38,2.68,1.34,0.0,0,0.0,1.34,10.7,1.34,0.0,2.68,0.0,0.0,0.0,0.0,0.0,0.0,0.0,0.0,0.0,0.0,0.0,4.01,0.0,0.0,0.0,0,0,0.0,1.34,0,0.0,0.0,0.0,0.0,0.0,0,0.0,0.0,0.0,12.04,10.7,0.0,0.0,6.69,0.0,0.0,4.01,6.69,1.34,9.36,0.0,0.0,0.0,0.0,0.0,0,24.58,11.71,3.85,0.0,0.0,6.69,2.34,0,1.34,0.0,0.0,1.34,4.01,0.0,0.0,0.0,1.34,1.34,1.34,0.0,0.0,0,0.0,6.69,0.0,0.0,6.69,0.0,8.03,1.34,1.34,1.34,0.0,0.0,0.0,0.0,0.0,0,1.34,0,1.34,0.0,4.01,5.35,0.0,1.34,111
"112-Bobbie Launches First Organic, European-Style Infant Formula in the U.S..txt",1,238,89.52,18.83,99.0,99.0,2.94,0.0,91.6,21.01,12.61,4.2,4.2,4.2,0.0,0.0,0.0,0.0,0.0,0.0,0.0,7.56,8.4,4.2,0.0,0.0,0.0,16.81,0.0,0.0,0.0,0.0,0.0,0.0,0.0,0.0,0.0,0.0,0.0,0.0,0.0,0.0,0.0,0.0,58.82,58.82,0.0,29.41,29.41,0.0,0.0,0.0,0.0,0.0,58.82,58.82,0.0,58.82,0,0.0,0.0,0.0,0.0,0.0,0.0,0.0,0.0,0.0,0.0,0.0,0.0,0.0,0.0,0.0,0.0,0.0,4.2,0.0,0.0,0.0,0,0,0.0,0.0,0,0.0,0.0,0.0,0.0,0.0,0,0.0,0.0,0.0,4.2,4.2,0.0,4.2,4.2,0.0,0.0,0.0,58.82,0.0,4.2,8.4,0.0,0.0,0.0,0.0,0,56.72,41.18,3.78,0.0,0.0,4.2,7.56,0,0.0,0.0,0.0,0.0,4.2,0.0,4.2,0.0,4.2,0.0,4.2,0.0,0.0,0,0.0,29.41,0.0,0.0,29.41,0.0,29.41,0.0,0.0,0.0,0.0,0.0,0.0,0.0,0.0,0,0.0,0,0.0,0.0,0.0,0.0,0.0,0.0,112
114-Carnation Follow Up Formula Commercial (1995).txt,1,848,79.07,87.88,3.7,88.29,4.99,33.02,75.24,54.25,43.63,8.25,5.9,0.0,0.0,5.9,0.0,0.0,2.36,9.43,5.9,3.3,18.87,9.43,4.72,7.08,1.18,11.79,8.25,3.54,7.08,0.0,5.9,2.36,3.54,1.18,2.36,0.0,0.0,1.18,0.0,0.0,1.18,0.0,4.72,4.72,0.0,2.36,2.36,0.0,0.0,0.0,0.0,0.0,8.25,2.36,2.36,2.36,0,0.0,0.0,5.9,0.0,0.0,0.0,0.0,0.0,0.0,0.0,0.0,5.9,0.0,0.0,3.54,2.36,0.0,5.9,2.36,0.0,2.36,0,0,0.0,3.54,0,0.0,0.0,0.0,0.0,1.18,0,0.0,0.0,0.0,8.25,7.08,0.0,0.0,7.08,0.0,0.0,0.0,1.18,2.36,7.08,2.36,0.0,0.0,0.0,0.0,0,38.33,12.74,1.06,0.0,9.43,8.25,6.84,0,0.0,0.0,0.0,0.0,0.0,0.0,0.0,0.0,0.0,0.0,0.0,0.0,0.0,0,0.0,0.0,0.0,0.0,2.36,0.0,1.18,0.0,11.79,0.0,0.0,0.0,0.0,0.0,0.0,0,0.0,0,0.0,0.0,0.0,0.0,0.0,0.0,114
115-Enfamil commercial 2010 Gina Santoriello.txt,1,610,97.91,73.81,27.07,95.5,11.3,33.93,77.87,50.16,33.93,1.48,0.0,0.0,0.0,0.0,0.0,0.0,1.48,14.75,7.38,5.57,11.8,5.9,0.0,1.48,0.0,8.85,10.33,13.28,4.43,1.48,2.95,2.95,7.38,1.48,5.9,1.48,1.48,0.0,0.0,0.0,2.95,0.0,5.9,5.9,0.0,0.0,0.0,0.0,0.0,0.0,0.0,0.0,14.75,4.43,1.48,0.0,0,0.0,0.0,8.85,1.48,0.0,0.0,0.0,0.0,0.0,0.0,0.0,0.0,0.0,0.0,0.0,0.0,0.0,5.9,5.9,0.0,5.9,0,0,0.0,2.95,0,0.0,0.0,0.0,0.0,0.0,0,0.0,0.0,0.0,2.95,2.95,0.0,0.0,2.95,0.0,0.0,0.0,7.38,0.0,5.9,0.0,0.0,0.0,0.0,0.0,0,25.74,11.48,8.69,0.0,0.0,1.48,4.1,0,1.48,0.0,0.0,0.0,5.9,0.0,0.0,0.0,1.48,0.0,4.43,0.0,1.48,0,0.0,0.0,0.0,0.0,7.38,0.0,0.0,0.0,14.75,1.48,0.0,0.0,0.0,0.0,0.0,0,1.48,0,1.48,0.0,0.0,1.48,0.0,0.0,115
116-Enfamil® PREMIUM™ Infant Formula.txt,1,1779,74.1,91.91,1.0,91.31,17.11,22.65,82.46,63.58,51.88,10.96,6.58,0.73,0.0,4.38,1.46,0.0,4.38,18.27,6.58,6.46,13.88,5.85,6.58,5.12,0.0,11.69,8.77,9.5,4.38,2.19,1.46,0.73,6.58,0.0,6.58,0.73,0.73,1.46,1.46,0.73,1.46,0.0,6.58,5.85,0.73,2.19,2.19,0.0,0.0,0.0,0.0,0.73,15.35,4.38,3.65,0.0,0,0.0,0.0,9.5,3.65,0.0,0.73,0.73,0.0,0.0,0.0,0.0,0.73,0.0,0.0,0.73,0.0,0.0,3.65,0.73,0.0,0.73,0,0,0.0,0.73,0,0.73,0.0,0.0,0.0,0.0,0,0.0,0.0,0.73,6.58,5.12,0.0,0.0,3.65,1.46,0.0,0.0,1.46,2.19,5.85,0.0,0.73,0.73,0.0,0.0,0,16.53,7.2,3.6,0.0,0.0,4.38,1.35,0,0.73,0.73,0.0,0.73,4.38,0.0,0.0,1.46,2.92,0.73,0.0,0.0,0.73,0,0.0,1.46,0.0,1.46,4.38,0.0,0.73,0.0,6.58,2.92,0.0,0.73,0.0,0.0,0.73,0,4.38,0,1.46,0.0,0.0,1.46,0.0,1.46,116
117-Gerber Baby Food Commercial - 1970s.txt,1,226,97.26,99.0,2.29,98.55,14.13,8.85,87.61,61.95,47.79,10.62,10.62,0.0,0.0,8.85,1.77,0.0,0.0,19.47,12.39,4.42,15.93,5.31,1.77,1.77,0.0,15.93,7.08,3.54,3.54,0.0,0.0,3.54,3.54,0.0,3.54,0.0,0.0,3.54,0.0,0.0,0.0,0.0,7.08,7.08,0.0,1.77,0.0,0.0,0.0,0.0,0.0,0.0,21.24,3.54,0.0,0.0,0,0.0,0.0,17.7,3.54,0.0,3.54,0.0,0.0,0.0,0.0,0.0,1.77,1.77,0.0,0.0,0.0,0.0,3.54,0.0,0.0,0.0,0,0,0.0,3.54,0,1.77,0.0,0.0,0.0,0.0,0,0.0,0.0,0.0,8.85,14.16,0.0,3.54,8.85,1.77,0.0,0.0,0.0,0.0,7.08,3.54,0.0,0.0,0.0,0.0,0,22.57,9.73,8.41,0.0,0.0,1.77,2.65,0,0.0,0.0,0.0,0.0,7.08,0.0,0.0,0.0,7.08,0.0,0.0,1.77,0.0,0,0.0,0.0,0.0,3.54,7.08,0.0,0.0,0.0,0.0,1.77,0.0,0.0,0.0,0.0,0.0,0,1.77,0,1.77,0.0,1.77,3.54,0.0,0.0,117
118-SMA FORMULA FOR INFANTS COMMERCIAL 1960.txt,1,1804,84.62,97.51,5.52,69.08,10.74,24.83,86.03,54.32,35.7,7.76,3.88,0.0,0.0,2.33,0.0,0.78,3.88,11.64,6.21,1.44,10.86,5.43,3.1,2.33,1.55,17.07,6.98,4.66,6.98,4.66,1.55,0.78,8.54,2.33,6.21,2.33,1.55,0.78,0.78,0.78,0.78,0.0,3.1,3.1,0.0,0.78,0.78,0.0,0.0,0.0,0.0,0.0,16.3,1.55,0.78,0.0,0,0.0,0.0,14.75,10.86,0.0,5.43,0.0,0.0,0.0,0.0,0.0,3.1,0.0,0.0,3.1,0.0,0.0,17.07,8.54,0.0,6.21,0,0,0.0,9.31,0,0.78,0.0,0.78,0.0,0.0,0,0.78,0.0,0.78,7.76,5.43,0.0,0.78,3.88,0.78,0.0,0.0,2.33,0.78,9.31,3.1,0.0,0.0,0.0,0.0,0,29.99,10.75,10.03,0.0,0.0,7.76,1.44,0,1.55,0.0,0.0,0.78,3.1,0.0,0.0,0.0,1.55,0.78,0.78,1.55,0.0,0,0.0,0.0,0.0,0.0,1.55,0.0,3.88,0.0,3.1,0.0,0.0,0.78,0.0,0.0,0.0,0,0.78,0,1.55,0.0,2.33,3.88,0.78,0.78,118
119-VINTAGE 1958 PET EVAPORATED MILK COMMERCIAL - CUTE BABIES.txt,1,1546,74.77,78.84,1.0,56.58,12.88,17.85,86.8,59.77,48.12,7.76,3.88,0.0,0.0,2.33,1.55,0.0,3.88,17.08,5.43,2.98,13.97,10.09,3.1,5.43,0.78,15.52,6.21,6.99,4.66,3.88,0.0,0.78,20.18,2.33,17.08,0.0,2.33,4.66,3.1,3.1,6.21,0.0,2.33,2.33,0.0,0.0,0.0,0.0,0.0,0.0,0.0,0.0,11.64,0.0,0.0,0.0,0,0.0,0.0,11.64,7.76,0.0,0.0,2.33,0.0,0.0,0.0,0.0,7.76,2.33,3.88,0.78,0.78,0.0,7.76,2.33,0.78,0.0,0,0,0.0,5.43,0,1.55,0.0,0.0,0.0,0.0,0,0.0,0.0,0.0,4.66,2.33,0.0,0.78,1.55,0.0,0.0,0.0,2.33,1.55,6.21,2.33,0.0,0.0,0.0,0.0,0,19.08,9.18,3.82,0.0,0.0,3.88,2.2,0,2.33,0.0,0.0,0.0,3.88,0.78,0.78,0.78,1.55,0.0,0.78,0.0,0.78,0,0.0,0.78,0.78,0.0,4.66,1.55,0.0,0.78,8.54,0.0,0.0,0.0,0.0,0.0,0.78,0,0.78,0,0.0,0.0,0.0,0.0,0.0,0.78,119
12+Aptamil Follow On Milks (1).txt,1,376,81.39,98.36,68.3,99.0,10.44,25.53,85.64,52.66,33.51,15.96,12.77,0.0,1.6,3.19,0.0,7.98,3.19,9.57,1.6,5.85,12.77,0.0,0.0,3.19,0.0,9.57,6.38,4.79,7.98,6.38,1.6,0.0,9.57,0.0,9.57,4.79,0.0,0.0,1.6,0.0,3.19,0.0,9.57,9.57,0.0,1.6,1.6,0.0,0.0,0.0,0.0,0.0,23.94,7.98,4.79,0.0,0,0.0,0.0,14.36,1.6,0.0,0.0,0.0,0.0,0.0,0.0,0.0,1.6,0.0,0.0,1.6,0.0,0.0,11.17,3.19,0.0,1.6,0,0,0.0,4.79,0,0.0,0.0,0.0,0.0,0.0,0,0.0,0.0,3.19,7.98,7.98,0.0,3.19,4.79,0.0,0.0,0.0,4.79,0.0,3.19,0.0,0.0,0.0,0.0,0.0,0,27.39,12.23,7.71,0.0,0.0,1.6,5.85,0,0.0,0.0,0.0,0.0,4.79,0.0,0.0,1.6,3.19,1.6,0.0,0.0,0.0,0,0.0,1.6,0.0,1.6,4.79,1.6,4.79,0.0,6.38,6.38,0.0,1.6,0.0,0.0,0.0,0,7.98,0,1.6,1.6,3.19,4.79,0.0,1.6,12
120-What you didn't know about ingredients in formula _ Ad Content for Enfamil.txt,1,10,15.41,99.0,,99.0,3.33,0.0,100.0,60.0,30.0,30.0,30.0,0.0,0.0,30.0,0.0,0.0,0.0,0.0,0.0,40.0,0.0,0.0,0.0,0.0,0.0,30.0,0.0,0.0,0.0,0.0,0.0,0.0,0.0,0.0,0.0,0.0,0.0,0.0,0.0,0.0,0.0,0.0,30.0,30.0,0.0,0.0,0.0,0.0,0.0,0.0,0.0,0.0,60.0,30.0,30.0,30.0,0,0.0,30.0,30.0,0.0,0.0,0.0,0.0,0.0,0.0,0.0,0.0,0.0,0.0,0.0,0.0,0.0,0.0,0.0,0.0,0.0,0.0,0,0,0.0,0.0,0,0.0,0.0,0.0,0.0,0.0,0,0.0,0.0,0.0,0.0,0.0,0.0,0.0,0.0,0.0,0.0,0.0,0.0,0.0,0.0,0.0,0.0,0.0,0.0,0.0,0,130.0,70.0,20.0,0.0,0.0,0.0,40.0,0,0.0,0.0,0.0,0.0,0.0,0.0,0.0,0.0,0.0,0.0,0.0,0.0,0.0,0,0.0,0.0,0.0,0.0,0.0,0.0,0.0,0.0,0.0,0.0,0.0,0.0,0.0,0.0,0.0,0,0.0,0,0.0,0.0,0.0,0.0,0.0,0.0,120
13+Aptamil Follow On Milks.txt,1,322,95.32,87.52,53.73,99.0,13.42,27.95,83.23,44.72,29.81,5.59,5.59,0.0,0.0,3.73,0.0,1.86,0.0,7.45,1.86,6.83,14.91,0.0,1.86,3.73,0.0,5.59,5.59,5.59,5.59,3.73,1.86,0.0,9.32,0.0,9.32,3.73,0.0,0.0,1.86,0.0,1.86,0.0,7.45,7.45,0.0,1.86,1.86,0.0,0.0,0.0,0.0,0.0,16.77,7.45,3.73,0.0,0,0.0,0.0,7.45,1.86,0.0,0.0,0.0,0.0,0.0,0.0,0.0,1.86,0.0,0.0,1.86,0.0,0.0,16.77,5.59,0.0,3.73,0,0,0.0,7.45,0,0.0,0.0,0.0,0.0,0.0,0,0.0,0.0,3.73,9.32,5.59,0.0,1.86,3.73,0.0,0.0,0.0,7.45,0.0,3.73,0.0,0.0,0.0,0.0,0.0,0,28.26,10.56,7.14,0.0,0.0,1.86,8.7,0,0.0,0.0,0.0,0.0,5.59,0.0,0.0,1.86,3.73,1.86,0.0,0.0,1.86,0,0.0,1.86,0.0,1.86,5.59,0.0,3.73,0.0,3.73,3.73,0.0,1.86,0.0,0.0,0.0,0,5.59,0,0.0,1.86,1.86,1.86,0.0,1.86,13
"14+Aptamil Toddler Milk, with Vitamin D.txt",1,538,83.49,67.3,1.0,99.0,17.93,26.02,77.7,53.9,40.89,9.29,7.43,0.0,0.0,1.86,0.0,5.58,1.86,11.15,4.65,4.28,14.87,6.51,2.79,2.79,1.86,14.87,4.65,1.86,2.79,2.79,0.0,0.0,9.29,0.0,9.29,0.93,0.0,3.72,1.86,0.0,2.79,0.0,7.43,7.43,0.0,0.0,0.0,0.0,0.0,0.0,0.0,0.0,14.87,7.43,5.58,0.0,0,0.0,0.93,7.43,0.0,0.0,0.0,0.0,0.93,0.0,0.93,0.0,1.86,0.0,0.0,1.86,0.0,0.0,12.08,8.36,0.0,6.51,0,0,0.0,4.65,0,1.86,0.0,2.79,0.0,0.93,0,0.0,0.0,0.0,2.79,0.93,0.0,0.0,0.93,0.0,0.0,0.0,2.79,0.0,5.58,1.86,0.0,0.0,0.0,0.0,0,16.73,7.06,3.53,0.0,0.0,2.79,3.35,0,0.0,0.0,0.0,0.0,1.86,0.0,0.0,0.0,0.0,0.0,1.86,0.0,0.93,0,0.0,0.0,0.0,3.72,0.93,0.0,0.0,0.0,0.93,2.79,0.0,0.0,0.0,0.0,0.0,0,2.79,0,0.93,0.0,0.0,0.93,0.0,0.0,14
15+Aptamil TV Commercial July 2019.txt,1,606,85.44,98.3,25.67,99.0,7.57,25.08,85.48,63.37,38.28,11.88,11.88,0.0,0.0,2.64,0.0,9.24,0.0,9.24,3.96,4.95,14.52,2.64,3.96,2.64,0.0,11.88,13.2,2.64,1.32,1.32,0.0,0.0,6.6,0.0,6.6,1.32,2.64,1.32,0.0,0.0,0.0,0.0,10.56,10.56,0.0,1.32,1.32,0.0,0.0,0.0,0.0,0.0,14.52,1.32,0.0,0.0,0,0.0,0.0,13.2,1.32,0.0,0.0,0.0,0.0,0.0,0.0,0.0,1.32,0.0,0.0,1.32,0.0,0.0,7.92,1.32,0.0,1.32,0,0,0.0,6.6,0,1.32,0.0,0.0,0.0,0.0,0,0.0,0.0,2.64,2.64,10.56,0.0,2.64,7.92,0.0,0.0,0.0,3.96,0.0,3.96,5.28,0.0,0.0,0.0,0.0,0,25.58,15.51,3.8,0.0,0.0,0.0,6.27,0,0.0,0.0,0.0,0.0,5.28,0.0,0.0,1.32,3.96,1.32,0.0,0.0,0.0,0,2.64,1.32,0.0,2.64,2.64,2.64,2.64,0.0,5.28,3.96,0.0,1.32,0.0,0.0,0.0,0,5.28,0,0.0,1.32,7.92,7.92,0.0,0.0,15
16+Aptamil® Organic Follow On Milk.txt,1,168,97.3,93.83,12.96,99.0,11.2,35.71,82.14,47.62,29.76,8.93,5.95,0.0,5.95,0.0,0.0,0.0,2.98,8.93,5.95,4.76,14.88,0.0,0.0,2.98,0.0,5.95,11.9,2.98,8.93,8.93,0.0,0.0,2.98,0.0,2.98,0.0,0.0,0.0,0.0,0.0,0.0,0.0,8.93,8.93,0.0,0.0,0.0,0.0,0.0,0.0,0.0,0.0,14.88,8.93,8.93,0.0,0,0.0,0.0,5.95,0.0,0.0,0.0,0.0,0.0,0.0,0.0,0.0,0.0,0.0,0.0,0.0,0.0,0.0,14.88,11.9,0.0,8.93,0,0,0.0,2.98,0,0.0,0.0,0.0,0.0,0.0,0,0.0,0.0,0.0,5.95,2.98,0.0,0.0,2.98,0.0,0.0,0.0,8.93,0.0,2.98,5.95,0.0,0.0,0.0,0.0,0,23.81,13.69,2.38,0.0,0.0,0.0,7.74,0,0.0,0.0,0.0,0.0,0.0,0.0,0.0,0.0,0.0,0.0,0.0,0.0,2.98,0,0.0,0.0,0.0,2.98,0.0,0.0,0.0,0.0,5.95,2.98,0.0,0.0,0.0,0.0,0.0,0,2.98,0,0.0,0.0,0.0,0.0,0.0,0.0,16
18+Baby Formula - Enfamil PREMIUM® _ Enfamil.txt,1,244,40.68,97.52,1.0,89.9,20.33,29.51,87.7,56.56,44.26,9.84,7.38,0.0,2.46,4.92,0.0,0.0,2.46,9.84,4.92,4.1,7.38,9.84,2.46,9.84,0.0,9.84,12.3,7.38,2.46,2.46,0.0,0.0,4.92,0.0,4.92,0.0,4.92,0.0,0.0,0.0,0.0,0.0,4.92,4.92,0.0,0.0,0.0,0.0,0.0,0.0,0.0,0.0,7.38,0.0,0.0,0.0,0,0.0,0.0,7.38,0.0,0.0,0.0,0.0,0.0,0.0,0.0,0.0,0.0,0.0,0.0,0.0,0.0,0.0,22.13,4.92,0.0,2.46,0,0,0.0,9.84,0,0.0,0.0,0.0,0.0,2.46,0,0.0,0.0,0.0,0.0,4.92,0.0,0.0,4.92,0.0,0.0,0.0,0.0,0.0,9.84,2.46,0.0,0.0,0.0,0.0,0,17.62,9.02,2.05,0.0,0.0,2.46,4.1,0,0.0,0.0,0.0,0.0,2.46,0.0,0.0,2.46,0.0,0.0,0.0,0.0,0.0,0,0.0,7.38,0.0,0.0,2.46,0.0,0.0,0.0,0.0,0.0,2.46,0.0,0.0,0.0,0.0,0,2.46,0,2.46,0.0,0.0,2.46,0.0,2.46,18
19+Baby Formula - Introducing Enfamil Premium A2 _ Enfamil.txt,1,682,67.54,70.67,1.86,92.37,10.83,25.07,82.84,52.79,35.63,6.6,2.64,0.0,1.32,1.32,0.0,0.0,3.96,7.92,2.64,12.9,10.56,3.96,9.24,3.96,0.0,9.24,14.52,3.96,3.96,1.32,2.64,1.32,11.88,0.0,11.88,5.28,2.64,1.32,1.32,1.32,1.32,0.0,5.28,5.28,0.0,0.0,0.0,0.0,0.0,0.0,0.0,0.0,6.6,2.64,0.0,0.0,0,0.0,0.0,3.96,1.32,0.0,0.0,0.0,1.32,0.0,1.32,0.0,1.32,0.0,0.0,1.32,0.0,0.0,7.92,2.64,0.0,2.64,0,0,0.0,5.28,0,1.32,0.0,0.0,0.0,0.0,0,0.0,0.0,3.96,5.28,1.32,0.0,0.0,1.32,0.0,0.0,0.0,0.0,1.32,5.28,0.0,0.0,0.0,0.0,0.0,0,23.02,11.58,6.45,0.0,0.0,2.64,2.35,0,0.0,0.0,0.0,0.0,2.64,0.0,0.0,1.32,0.0,0.0,1.32,0.0,0.0,0,0.0,0.0,2.64,0.0,1.32,0.0,2.64,1.32,5.28,1.32,0.0,1.32,0.0,0.0,2.64,0,5.28,0,0.0,0.0,0.0,0.0,0.0,0.0,19
2+1950's Pet Evaporated Milk Baby Commercial.txt,1,168,89.52,99.0,1.0,95.71,8.4,8.93,76.19,47.62,32.74,11.9,11.9,0.0,0.0,8.93,2.98,0.0,0.0,8.93,2.98,4.76,14.88,2.98,2.98,0.0,0.0,11.9,5.95,0.0,5.95,2.98,2.98,0.0,0.0,0.0,0.0,0.0,0.0,0.0,0.0,0.0,0.0,0.0,5.95,5.95,0.0,2.98,2.98,0.0,0.0,0.0,0.0,0.0,26.79,8.93,2.98,0.0,0,0.0,2.98,17.86,5.95,0.0,0.0,2.98,0.0,0.0,0.0,0.0,5.95,0.0,2.98,2.98,0.0,0.0,11.9,2.98,0.0,0.0,0,0,0.0,8.93,0,0.0,0.0,2.98,0.0,0.0,0,0.0,2.98,0.0,8.93,0.0,0.0,0.0,0.0,0.0,0.0,0.0,0.0,0.0,2.98,0.0,0.0,0.0,0.0,0.0,0,32.74,16.67,11.31,0.0,0.0,0.0,4.76,0,0.0,0.0,0.0,0.0,5.95,0.0,0.0,2.98,2.98,2.98,0.0,0.0,0.0,0,0.0,0.0,0.0,0.0,0.0,0.0,5.95,0.0,0.0,0.0,0.0,0.0,0.0,0.0,0.0,0,0.0,0,2.98,0.0,2.98,5.95,2.98,2.98,2
20+Baby Formula - Introducing Enspire™ by Enfamil® _ Enfamil.txt,1,494,65.41,92.71,47.78,99.0,8.82,32.39,82.19,53.44,40.49,11.34,6.48,0.0,1.62,1.62,0.0,3.24,4.86,9.72,1.62,7.69,12.96,4.86,4.86,4.86,0.0,14.57,6.48,8.1,4.86,4.86,0.0,0.0,8.1,1.62,6.48,6.48,0.0,0.0,0.0,0.0,0.0,0.0,9.72,9.72,0.0,4.86,4.86,0.0,0.0,0.0,0.0,0.0,11.34,3.24,1.62,0.0,0,0.0,0.0,8.1,1.62,0.0,0.0,0.0,0.0,0.0,0.0,0.0,0.0,0.0,0.0,0.0,0.0,0.0,11.34,3.24,0.0,0.0,0,0,0.0,3.24,0,0.0,0.0,0.0,0.0,3.24,0,0.0,0.0,3.24,8.1,8.1,0.0,1.62,6.48,0.0,0.0,0.0,3.24,1.62,4.86,1.62,0.0,0.0,0.0,0.0,0,29.76,14.17,7.89,0.0,0.0,4.86,2.83,0,1.62,0.0,0.0,3.24,9.72,0.0,0.0,8.1,0.0,6.48,0.0,0.0,0.0,0,0.0,3.24,0.0,3.24,1.62,0.0,0.0,0.0,9.72,0.0,0.0,3.24,0.0,0.0,1.62,0,4.86,0,1.62,0.0,0.0,1.62,0.0,3.24,20
21+Baby Life - Formula.txt,1,64,70.71,87.7,1.0,99.0,5.33,28.13,90.63,56.25,42.19,9.38,4.69,0.0,0.0,4.69,0.0,0.0,4.69,9.38,9.38,6.25,14.06,9.38,9.38,4.69,0.0,23.44,0.0,0.0,0.0,0.0,0.0,0.0,14.06,0.0,14.06,9.38,0.0,4.69,0.0,0.0,0.0,0.0,14.06,14.06,0.0,9.38,9.38,0.0,0.0,0.0,0.0,0.0,14.06,9.38,4.69,0.0,0,0.0,0.0,4.69,0.0,0.0,0.0,0.0,0.0,0.0,0.0,0.0,0.0,0.0,0.0,0.0,0.0,0.0,14.06,4.69,0.0,4.69,0,0,0.0,14.06,0,0.0,0.0,4.69,0.0,0.0,0,0.0,0.0,0.0,14.06,9.38,4.69,0.0,0.0,0.0,0.0,4.69,0.0,4.69,14.06,0.0,0.0,0.0,0.0,0.0,0,48.44,20.31,7.81,4.69,0.0,9.38,6.25,0,0.0,0.0,0.0,0.0,9.38,0.0,4.69,9.38,0.0,4.69,0.0,0.0,0.0,0,0.0,4.69,0.0,0.0,4.69,0.0,9.38,0.0,9.38,0.0,0.0,0.0,0.0,0.0,0.0,0,0.0,0,4.69,0.0,9.38,14.06,4.69,0.0,21
22+Baby milk advert shows girls becoming ballerinas and boys scientists (1).txt,1,411,77.0,99.0,66.31,45.89,9.56,28.95,81.27,47.69,34.06,13.63,13.63,0.0,6.81,1.7,0.0,5.11,0.0,18.73,0.0,6.33,11.92,0.0,3.41,1.7,0.0,8.52,6.81,8.52,10.22,6.81,3.41,1.7,10.22,0.0,10.22,5.11,1.7,1.7,1.7,0.0,0.0,0.0,1.7,1.7,0.0,1.7,1.7,0.0,0.0,0.0,0.0,0.0,17.03,1.7,0.0,0.0,0,0.0,1.7,15.33,1.7,0.0,0.0,0.0,1.7,0.0,0.0,1.7,3.41,0.0,0.0,3.41,1.7,0.0,10.22,0.0,0.0,0.0,0,0,0.0,8.52,0,0.0,0.0,0.0,0.0,0.0,0,1.7,0.0,10.22,5.11,5.11,0.0,0.0,1.7,1.7,0.0,0.0,15.33,1.7,3.41,3.41,0.0,0.0,0.0,0.0,0,31.14,14.84,6.57,0.0,0.0,0.0,9.73,0,0.0,0.0,0.0,1.7,5.11,0.0,0.0,1.7,1.7,3.41,0.0,0.0,1.7,0,0.0,1.7,0.0,0.0,5.11,0.0,0.0,0.0,11.92,1.7,3.41,1.7,0.0,0.0,3.41,0,10.22,0,0.0,1.7,1.7,1.7,0.0,0.0,22
23+Bellamy's Organic   A pure start to life!.txt,1,16,99.0,,15.38,,8.0,25.0,87.5,62.5,25.0,0.0,0.0,0.0,0.0,0.0,0.0,0.0,0.0,12.5,12.5,12.5,12.5,0.0,0.0,0.0,0.0,12.5,25.0,0.0,0.0,0.0,0.0,0.0,0.0,0.0,0.0,0.0,0.0,0.0,0.0,0.0,0.0,0.0,0.0,0.0,0.0,0.0,0.0,0.0,0.0,0.0,0.0,0.0,12.5,0.0,0.0,0.0,0,0.0,0.0,0.0,0.0,0.0,0.0,0.0,0.0,0.0,0.0,0.0,0.0,0.0,0.0,0.0,0.0,0.0,12.5,12.5,0.0,12.5,0,0,0.0,0.0,0,0.0,0.0,0.0,0.0,0.0,0,0.0,0.0,0.0,25.0,0.0,0.0,0.0,0.0,0.0,0.0,0.0,12.5,0.0,0.0,0.0,0.0,0.0,0.0,0.0,0,68.75,25.0,18.75,0.0,0.0,12.5,12.5,0,0.0,0.0,0.0,0.0,12.5,0.0,0.0,0.0,12.5,0.0,0.0,0.0,0.0,0,0.0,0.0,0.0,0.0,12.5,0.0,0.0,0.0,0.0,0.0,0.0,0.0,0.0,0.0,0.0,0,0.0,0,0.0,0.0,0.0,0.0,0.0,0.0,23
24+Bellamy's Organic.txt,1,43,98.95,,2.18,,2.87,48.84,86.05,69.77,13.95,0.0,0.0,0.0,0.0,0.0,0.0,0.0,0.0,6.98,6.98,9.3,6.98,0.0,0.0,0.0,0.0,13.95,41.86,0.0,6.98,0.0,6.98,0.0,6.98,0.0,6.98,0.0,6.98,0.0,0.0,0.0,0.0,0.0,0.0,0.0,0.0,0.0,0.0,0.0,0.0,0.0,0.0,0.0,6.98,0.0,0.0,0.0,0,0.0,0.0,0.0,0.0,0.0,0.0,0.0,6.98,0.0,6.98,0.0,6.98,0.0,0.0,6.98,0.0,0.0,20.93,20.93,0.0,20.93,0,0,0.0,0.0,0,0.0,0.0,0.0,0.0,0.0,0,0.0,0.0,0.0,13.95,0.0,0.0,0.0,0.0,0.0,0.0,0.0,6.98,6.98,0.0,0.0,0.0,0.0,0.0,0.0,0,72.09,44.19,4.65,0.0,0.0,13.95,9.3,0,0.0,0.0,0.0,0.0,6.98,0.0,0.0,0.0,6.98,0.0,0.0,6.98,0.0,0,0.0,0.0,0.0,0.0,6.98,0.0,0.0,6.98,0.0,0.0,0.0,0.0,0.0,0.0,0.0,0,0.0,0,0.0,0.0,0.0,0.0,0.0,0.0,24
25+Burt's Bees Baby Formulas.txt,1,341,50.42,94.54,3.64,51.88,9.74,26.69,73.31,49.27,39.0,10.26,6.16,0.0,0.0,4.11,0.0,2.05,4.11,8.21,2.05,3.52,12.32,2.05,8.21,10.26,0.0,6.16,10.26,4.11,2.05,2.05,0.0,0.0,6.16,0.0,6.16,2.05,0.0,0.0,0.0,0.0,2.05,0.0,2.05,2.05,0.0,0.0,0.0,0.0,0.0,0.0,0.0,0.0,16.42,6.16,0.0,0.0,0,0.0,2.05,10.26,4.11,0.0,0.0,0.0,0.0,0.0,0.0,0.0,2.05,0.0,0.0,2.05,0.0,0.0,8.21,6.16,0.0,4.11,0,0,0.0,2.05,0,0.0,0.0,0.0,0.0,2.05,0,0.0,0.0,2.05,6.16,2.05,0.0,2.05,0.0,0.0,0.0,0.0,2.05,0.0,4.11,0.0,0.0,0.0,0.0,0.0,0,31.38,13.78,5.87,0.0,0.0,6.16,5.57,0,2.05,0.0,0.0,0.0,4.11,0.0,0.0,0.0,4.11,0.0,0.0,2.05,0.0,0,0.0,2.05,2.05,0.0,2.05,0.0,4.11,0.0,4.11,2.05,0.0,0.0,0.0,0.0,2.05,0,4.11,0,2.05,0.0,0.0,2.05,0.0,0.0,25
26+Carnation - Good start infant formula - Tv commercial - 1995.txt,1,662,85.3,84.14,67.0,99.0,6.82,18.13,84.29,55.74,41.24,7.4,7.25,2.42,0.0,3.63,0.0,0.0,0.15,9.82,6.04,3.17,13.29,6.04,2.42,6.04,0.15,12.08,9.67,7.4,0.0,0.0,0.0,0.0,6.19,2.57,3.63,0.0,0.0,1.21,1.21,0.0,2.42,0.0,8.46,8.46,0.0,4.83,4.83,0.0,0.0,0.0,0.0,0.0,16.92,6.04,1.21,0.0,0,0.0,0.0,9.67,4.83,0.0,0.0,0.0,0.0,0.0,0.0,0.0,4.83,4.83,0.0,0.0,0.0,0.0,7.25,0.0,0.0,0.0,0,0,0.0,2.42,0,1.21,0.0,0.0,0.0,0.0,0,0.0,0.0,0.0,14.5,10.88,0.0,4.83,6.04,0.0,0.0,0.0,6.04,0.0,3.63,0.0,0.0,0.0,0.0,0.0,0,31.72,16.47,7.1,0.0,0.0,6.04,2.11,0,0.0,0.0,0.0,0.0,7.25,0.0,0.0,0.0,6.04,0.0,1.21,0.0,0.0,0,0.0,4.83,2.42,0.0,6.04,0.0,4.83,0.0,2.42,1.21,0.0,0.0,0.0,0.0,0.0,0,1.21,0,0.0,0.0,0.0,0.0,0.0,0.0,26
27+Carnation Follow Up Baby Formula 90s Commercial (1997).txt,1,1543,93.01,88.72,20.65,66.2,7.91,15.55,80.56,63.19,52.5,5.83,5.83,0.0,0.0,2.92,2.92,0.0,0.0,17.5,10.69,4.73,18.47,3.89,9.72,5.83,0.97,11.67,2.92,5.83,1.94,0.0,1.94,0.0,10.69,3.89,6.8,1.94,1.94,0.97,0.97,0.0,0.97,0.0,2.92,2.92,0.0,1.94,1.94,0.0,0.0,0.0,0.0,0.0,14.58,5.83,0.0,0.0,0,0.0,0.97,8.75,1.94,0.0,3.89,0.0,0.0,0.0,0.0,0.0,0.0,0.0,0.0,0.0,0.0,0.0,3.89,1.94,0.0,1.94,0,0,0.0,2.92,0,0.0,0.0,0.0,0.0,0.0,0,0.0,0.0,0.0,9.72,12.64,0.0,2.92,9.72,0.0,0.0,0.0,1.94,0.0,5.83,0.0,0.0,0.0,0.0,0.0,0,31.76,14.45,5.77,0.0,0.0,3.89,7.65,0,3.89,0.0,0.0,0.0,3.89,0.97,0.0,0.0,1.94,0.0,0.97,0.0,0.0,0,0.0,0.0,0.0,0.0,5.83,0.0,1.94,0.0,0.97,0.0,0.0,0.0,0.0,0.0,0.0,0,0.0,0,1.94,0.0,0.0,1.94,0.0,0.0,27
28+Carnation Good Start - Baby Formula Commercial (1992).txt,1,1244,45.63,89.85,4.91,99.0,5.92,21.38,85.37,69.77,42.77,13.5,7.88,0.0,1.13,4.5,2.25,0.0,5.63,10.13,0.0,4.34,11.25,12.38,0.0,2.25,1.13,25.88,16.88,5.63,3.38,1.13,2.25,1.13,13.5,2.25,11.25,2.25,4.5,1.13,0.0,0.0,3.38,1.13,14.63,14.63,0.0,5.63,5.63,0.0,0.0,0.0,0.0,0.0,9.0,0.0,0.0,0.0,0,0.0,0.0,9.0,1.13,0.0,0.0,2.25,0.0,0.0,0.0,0.0,0.0,0.0,0.0,0.0,0.0,0.0,4.5,1.13,0.0,1.13,0,0,0.0,2.25,0,0.0,1.13,0.0,0.0,1.13,0,0.0,0.0,0.0,16.88,2.25,0.0,0.0,1.13,0.0,0.0,1.13,5.63,5.63,9.0,0.0,0.0,0.0,0.0,0.0,0,26.61,18.97,2.17,0.0,0.0,3.38,2.09,0,1.13,0.0,0.0,0.0,2.25,0.0,1.13,1.13,1.13,0.0,0.0,0.0,0.0,0,0.0,5.63,7.88,0.0,7.88,0.0,7.88,3.38,7.88,0.0,0.0,0.0,0.0,0.0,0.0,0,0.0,0,0.0,0.0,0.0,0.0,0.0,0.0,28
"29+Carnation Good Start Formula & Mom-To-Be Planner Commercial, August 1993.txt",1,2014,64.06,36.07,73.31,99.0,11.01,23.63,88.88,67.43,45.88,13.21,11.12,6.95,0.0,4.17,0.0,0.0,2.09,13.9,3.48,4.07,13.9,6.26,2.78,5.56,1.39,15.29,13.9,4.87,2.09,0.0,2.09,0.7,10.43,0.7,9.73,4.17,2.78,0.0,0.7,0.0,3.48,0.7,9.73,9.73,0.0,2.09,2.09,0.0,0.0,0.0,0.0,0.0,11.12,4.17,0.7,0.0,0,0.0,2.78,6.95,2.78,0.0,0.7,0.0,0.0,0.0,0.0,0.0,3.48,0.0,0.0,2.09,1.39,0.0,5.56,2.78,0.7,0.7,0,0,0.0,2.09,0,0.0,0.0,0.7,0.0,0.7,0,0.0,0.0,0.0,11.12,2.09,0.0,0.0,1.39,0.7,0.0,0.0,5.56,6.95,4.17,1.39,0.0,0.0,0.0,0.0,0,26.17,10.33,5.51,0.0,0.0,2.78,7.55,0,0.0,0.0,0.0,0.0,2.78,0.0,1.39,0.0,1.39,0.0,0.0,0.0,2.09,0,0.0,2.78,2.09,0.0,4.17,0.0,4.17,0.7,6.95,0.7,0.0,0.0,0.0,0.0,0.0,0,0.7,0,2.09,0.0,0.7,2.78,0.0,0.0,29
3+1994 Gerber Baby Formula Commercial.txt,1,678,2.39,99.0,46.94,42.05,7.53,10.32,88.2,69.32,60.47,20.65,13.27,0.0,0.0,11.8,0.0,0.0,7.37,8.85,2.95,2.65,10.32,11.8,7.37,10.32,5.9,17.7,2.95,0.0,7.37,4.42,2.95,0.0,16.22,2.95,13.27,1.47,0.0,5.9,4.42,1.47,4.42,0.0,1.47,1.47,0.0,0.0,0.0,0.0,0.0,0.0,0.0,0.0,22.12,5.9,0.0,0.0,0,0.0,1.47,16.22,2.95,0.0,0.0,0.0,0.0,0.0,0.0,0.0,0.0,0.0,0.0,0.0,0.0,0.0,7.37,1.47,0.0,1.47,0,0,0.0,4.42,0,1.47,0.0,0.0,0.0,0.0,0,0.0,0.0,0.0,7.37,7.37,0.0,4.42,7.37,0.0,0.0,0.0,5.9,1.47,10.32,0.0,0.0,0.0,0.0,0.0,0,28.76,11.5,4.28,4.42,0.0,5.9,2.65,0,1.47,0.0,0.0,0.0,2.95,0.0,0.0,0.0,2.95,0.0,0.0,0.0,0.0,0,0.0,0.0,0.0,0.0,0.0,0.0,7.37,0.0,4.42,1.47,0.0,0.0,0.0,0.0,0.0,0,1.47,0,0.0,0.0,0.0,0.0,0.0,0.0,3
30+Carnation Good Start Infant Formula 1998 Commercial - Meet Max.txt,1,700,85.56,81.87,11.74,99.0,9.72,25.71,79.43,60.43,36.0,6.43,3.86,0.0,0.0,1.29,2.57,0.0,2.57,9.0,3.86,3.57,12.86,5.14,3.86,3.86,0.0,15.43,15.43,5.14,2.57,1.29,1.29,0.0,6.43,0.0,6.43,1.29,1.29,1.29,0.0,1.29,0.0,0.0,12.86,11.57,1.29,6.43,5.14,1.29,0.0,0.0,1.29,0.0,12.86,6.43,2.57,1.29,0,0.0,2.57,6.43,1.29,0.0,0.0,3.86,0.0,0.0,0.0,0.0,0.0,0.0,0.0,0.0,0.0,0.0,2.57,0.0,0.0,0.0,0,0,0.0,1.29,0,0.0,0.0,0.0,0.0,1.29,0,0.0,1.29,1.29,15.43,11.57,0.0,3.86,6.43,0.0,0.0,1.29,3.86,0.0,5.14,0.0,1.29,0.0,1.29,0.0,0,25.0,12.57,6.29,0.0,0.0,2.57,3.57,0,0.0,0.0,0.0,0.0,3.86,0.0,1.29,0.0,1.29,0.0,1.29,0.0,0.0,0,2.57,6.43,1.29,1.29,6.43,0.0,6.43,1.29,3.86,1.29,0.0,0.0,0.0,0.0,0.0,0,1.29,0,0.0,0.0,2.57,2.57,1.29,0.0,30
32+Cow & gate - TV Advertisement - United Kingdom (2008).txt,1,138,79.28,73.29,4.38,99.0,17.25,34.78,88.41,46.38,20.29,0.0,0.0,0.0,0.0,0.0,0.0,0.0,0.0,2.9,0.0,4.35,5.8,2.9,0.0,8.7,0.0,14.49,14.49,2.9,8.7,5.8,2.9,0.0,5.8,0.0,5.8,2.9,2.9,0.0,0.0,0.0,0.0,0.0,20.29,20.29,0.0,2.9,2.9,0.0,0.0,0.0,0.0,0.0,26.09,20.29,14.49,0.0,0,0.0,0.0,5.8,5.8,0.0,0.0,0.0,0.0,0.0,0.0,0.0,2.9,0.0,0.0,2.9,0.0,0.0,14.49,8.7,0.0,8.7,0,0,0.0,8.7,0,0.0,0.0,0.0,0.0,5.8,0,0.0,0.0,0.0,2.9,5.8,0.0,0.0,5.8,0.0,0.0,0.0,0.0,0.0,11.59,0.0,0.0,0.0,0.0,0.0,0,25.36,10.14,10.87,0.0,0.0,0.0,4.35,0,5.8,0.0,0.0,2.9,2.9,0.0,0.0,0.0,0.0,2.9,0.0,5.8,0.0,0,0.0,2.9,0.0,2.9,2.9,0.0,14.49,0.0,2.9,5.8,0.0,0.0,0.0,0.0,0.0,0,5.8,0,0.0,0.0,8.7,8.7,5.8,2.9,32
33+Cow & Gate (1).txt,1,4,,,,,4.0,0.0,100.0,50.0,0.0,0.0,0.0,0.0,0.0,0.0,0.0,0.0,0.0,0.0,0.0,50.0,0.0,0.0,0.0,0.0,0.0,0.0,0.0,0.0,0.0,0.0,0.0,0.0,0.0,0.0,0.0,0.0,0.0,0.0,0.0,0.0,0.0,0.0,0.0,0.0,0.0,0.0,0.0,0.0,0.0,0.0,0.0,0.0,0.0,0.0,0.0,0.0,0,0.0,0.0,0.0,0.0,0.0,0.0,0.0,0.0,0.0,0.0,0.0,0.0,0.0,0.0,0.0,0.0,0.0,0.0,0.0,0.0,0.0,0,0,0.0,0.0,0,0.0,0.0,0.0,0.0,0.0,0,0.0,0.0,0.0,0.0,0.0,0.0,0.0,0.0,0.0,0.0,0.0,0.0,0.0,0.0,0.0,50.0,0.0,0.0,50.0,0,125.0,50.0,25.0,0.0,0.0,0.0,50.0,0,0.0,0.0,0.0,0.0,0.0,0.0,0.0,0.0,0.0,0.0,0.0,0.0,0.0,0,0.0,0.0,0.0,0.0,0.0,0.0,0.0,0.0,0.0,0.0,0.0,0.0,0.0,0.0,0.0,0,0.0,0,0.0,0.0,0.0,0.0,0.0,0.0,33
34+Cow & Gate Follow on Milks- Start your Weaning Adventure 2021.txt,1,6,,,,,6.0,0.0,66.67,0.0,0.0,0.0,0.0,0.0,0.0,0.0,0.0,0.0,0.0,0.0,0.0,33.33,0.0,0.0,0.0,0.0,0.0,0.0,0.0,0.0,0.0,0.0,0.0,0.0,0.0,0.0,0.0,0.0,0.0,0.0,0.0,0.0,0.0,0.0,0.0,0.0,0.0,0.0,0.0,0.0,0.0,0.0,0.0,0.0,0.0,0.0,0.0,0.0,0,0.0,0.0,0.0,0.0,0.0,0.0,0.0,0.0,0.0,0.0,0.0,33.33,33.33,0.0,0.0,0.0,0.0,0.0,0.0,0.0,0.0,0,0,0.0,0.0,0,0.0,0.0,0.0,0.0,0.0,0,0.0,0.0,0.0,0.0,33.33,0.0,0.0,0.0,0.0,33.33,0.0,0.0,0.0,0.0,0.0,0.0,0.0,0.0,0.0,0,116.67,33.33,16.67,0.0,0.0,0.0,66.67,0,0.0,0.0,0.0,0.0,33.33,33.33,0.0,0.0,0.0,0.0,0.0,0.0,0.0,0,0.0,0.0,0.0,0.0,0.0,0.0,0.0,0.0,0.0,0.0,0.0,0.0,0.0,0.0,0.0,0,0.0,0,0.0,0.0,0.0,0.0,0.0,0.0,34
35+Cow & Gate Follow-On Milk Ad.txt,1,22,45.12,99.0,5.07,99.0,5.5,9.09,81.82,45.45,36.36,18.18,18.18,0.0,9.09,9.09,0.0,0.0,0.0,18.18,0.0,9.09,9.09,0.0,0.0,9.09,0.0,9.09,0.0,0.0,9.09,9.09,0.0,0.0,0.0,0.0,0.0,0.0,0.0,0.0,0.0,0.0,0.0,0.0,9.09,9.09,0.0,9.09,9.09,0.0,0.0,0.0,0.0,0.0,27.27,9.09,0.0,0.0,0,0.0,0.0,18.18,0.0,0.0,0.0,0.0,0.0,0.0,0.0,0.0,0.0,0.0,0.0,0.0,0.0,0.0,9.09,0.0,0.0,0.0,0,0,0.0,9.09,0,0.0,0.0,0.0,0.0,0.0,0,0.0,0.0,0.0,9.09,9.09,0.0,0.0,9.09,0.0,0.0,0.0,0.0,0.0,0.0,0.0,0.0,0.0,0.0,0.0,0,50.0,27.27,13.64,0.0,0.0,0.0,9.09,0,0.0,0.0,0.0,0.0,9.09,0.0,0.0,9.09,0.0,9.09,0.0,0.0,0.0,0,0.0,0.0,0.0,0.0,0.0,0.0,9.09,0.0,0.0,0.0,0.0,0.0,0.0,0.0,0.0,0,0.0,0,9.09,0.0,9.09,18.18,0.0,0.0,35
"36+Cow & Gate Ireland Follow On Milk - Your Love, Our Experience - TV Advert 2018.txt",1,126,42.52,99.0,5.94,99.0,6.3,22.22,87.3,60.32,44.44,22.22,19.05,0.0,6.35,9.52,0.0,3.17,3.17,12.7,0.0,7.94,15.87,9.52,0.0,3.17,0.0,15.87,6.35,6.35,6.35,6.35,0.0,0.0,3.17,0.0,3.17,3.17,0.0,0.0,0.0,0.0,0.0,0.0,9.52,9.52,0.0,6.35,6.35,0.0,0.0,0.0,0.0,0.0,22.22,3.17,0.0,0.0,0,0.0,0.0,19.05,0.0,0.0,0.0,0.0,0.0,0.0,0.0,0.0,0.0,0.0,0.0,0.0,0.0,0.0,12.7,0.0,0.0,0.0,0,0,0.0,6.35,0,0.0,0.0,0.0,0.0,0.0,0,0.0,0.0,0.0,6.35,3.17,0.0,0.0,3.17,0.0,0.0,0.0,3.17,6.35,3.17,0.0,0.0,0.0,0.0,0.0,0,43.65,20.63,8.73,0.0,0.0,9.52,4.76,0,0.0,0.0,0.0,3.17,6.35,0.0,0.0,3.17,0.0,6.35,0.0,0.0,0.0,0,0.0,0.0,0.0,0.0,3.17,0.0,3.17,0.0,0.0,0.0,0.0,0.0,0.0,0.0,0.0,0,0.0,0,3.17,0.0,3.17,6.35,0.0,0.0,36
"37+Cow & Gate Simply A2 Follow on Milk, Made with A2 Protein Milk Ad.txt",1,4,,,,,4.0,0.0,100.0,0.0,0.0,0.0,0.0,0.0,0.0,0.0,0.0,0.0,0.0,0.0,0.0,50.0,0.0,0.0,0.0,0.0,0.0,0.0,0.0,0.0,0.0,0.0,0.0,0.0,0.0,0.0,0.0,0.0,0.0,0.0,0.0,0.0,0.0,0.0,0.0,0.0,0.0,0.0,0.0,0.0,0.0,0.0,0.0,0.0,0.0,0.0,0.0,0.0,0,0.0,0.0,0.0,0.0,0.0,0.0,0.0,0.0,0.0,0.0,0.0,50.0,50.0,0.0,0.0,0.0,0.0,0.0,0.0,0.0,0.0,0,0,0.0,0.0,0,0.0,0.0,0.0,0.0,0.0,0,0.0,0.0,0.0,0.0,50.0,0.0,0.0,0.0,0.0,50.0,0.0,0.0,0.0,0.0,0.0,0.0,0.0,0.0,0.0,0,125.0,50.0,25.0,0.0,0.0,0.0,50.0,0,0.0,0.0,0.0,0.0,50.0,50.0,0.0,0.0,0.0,0.0,0.0,0.0,0.0,0,0.0,0.0,0.0,0.0,0.0,0.0,0.0,0.0,0.0,0.0,0.0,0.0,0.0,0.0,0.0,0,0.0,0,0.0,0.0,0.0,0.0,0.0,0.0,37
38+Cow's Milk Allergy & Nutramigen A+ with LGG baby formula.txt,1,772,76.58,90.79,29.52,3.36,14.3,16.32,87.18,55.96,45.47,9.33,4.66,0.0,0.0,4.66,0.0,0.0,4.66,9.33,4.66,3.24,15.16,6.99,3.5,6.99,0.0,12.82,4.66,2.33,0.0,0.0,0.0,0.0,11.66,0.0,11.66,4.66,2.33,2.33,2.33,1.17,1.17,0.0,4.66,1.17,3.5,4.66,1.17,3.5,1.17,1.17,0.0,0.0,8.16,1.17,0.0,0.0,0,0.0,1.17,6.99,2.33,0.0,0.0,0.0,0.0,0.0,0.0,0.0,1.17,0.0,0.0,1.17,0.0,0.0,18.65,12.82,5.83,0.0,0,0,0.0,4.66,0,0.0,0.0,1.17,0.0,0.0,0,0.0,0.0,0.0,6.99,6.99,1.17,0.0,3.5,1.17,0.0,1.17,8.16,1.17,4.66,2.33,0.0,0.0,0.0,0.0,0,25.0,10.23,8.03,0.0,0.0,3.5,3.24,0,0.0,0.0,1.17,1.17,3.5,0.0,0.0,0.0,2.33,1.17,0.0,0.0,0.0,0,0.0,1.17,0.0,0.0,5.83,0.0,1.17,1.17,1.17,0.0,0.0,0.0,0.0,0.0,0.0,0,0.0,0,0.0,0.0,2.33,2.33,0.0,1.17,38
39+Earths Best Infant Formula V3 20Dec2013.txt,1,22182,74.58,71.84,10.57,53.02,21.43,27.33,81.35,57.84,46.4,7.2,3.39,0.0,0.21,2.12,0.0,0.42,3.81,14.62,6.36,4.44,12.29,7.63,3.18,7.63,0.85,10.81,9.11,5.51,2.33,0.64,1.7,0.0,10.17,0.85,9.32,1.91,1.48,1.27,2.75,0.0,3.39,0.0,2.97,2.54,0.42,0.42,0.21,0.21,0.0,0.0,0.0,0.0,10.38,2.33,0.85,0.0,0,0.21,0.21,7.42,3.6,0.0,0.0,0.0,0.21,0.0,0.0,0.21,2.54,0.0,0.0,2.12,0.42,0.0,8.9,3.81,0.85,1.91,0,0,0.0,4.24,0,0.85,0.0,0.0,0.85,0.0,0,0.21,0.21,0.0,4.87,4.87,0.0,0.64,3.39,0.85,0.0,0.21,3.18,1.27,6.78,0.64,0.0,0.0,0.0,0.0,0,14.6,5.29,4.87,0.21,0.0,1.48,2.75,0,0.64,0.0,0.0,0.0,2.12,0.0,0.21,0.0,1.91,0.0,0.0,1.06,0.64,0,0.0,0.21,0.21,0.42,2.33,0.85,1.27,0.42,6.36,0.21,0.0,0.0,0.0,0.21,0.64,0,1.06,0,0.42,0.0,0.42,0.85,0.21,0.42,39
4+a2 Platinum TV Ad 2015.txt,1,446,81.55,49.39,1.0,99.0,12.74,29.82,82.74,53.36,37.67,4.71,1.57,0.0,0.0,1.57,0.0,0.0,3.14,10.99,6.28,10.54,10.99,6.28,6.28,4.71,0.0,9.42,15.7,7.85,7.85,3.14,1.57,3.14,7.85,4.71,3.14,0.0,1.57,0.0,0.0,0.0,1.57,0.0,15.7,15.7,0.0,0.0,0.0,0.0,0.0,0.0,0.0,0.0,9.42,7.85,6.28,1.57,0,0.0,1.57,1.57,0.0,0.0,0.0,0.0,0.0,0.0,0.0,0.0,3.14,0.0,0.0,1.57,1.57,0.0,12.56,3.14,0.0,1.57,0,0,0.0,4.71,0,1.57,0.0,0.0,0.0,0.0,0,0.0,0.0,0.0,0.0,4.71,0.0,0.0,3.14,0.0,0.0,1.57,0.0,0.0,6.28,0.0,0.0,0.0,0.0,0.0,0,28.7,10.54,7.62,0.0,0.0,4.71,5.83,0,1.57,0.0,0.0,0.0,0.0,0.0,0.0,0.0,0.0,0.0,0.0,0.0,0.0,0,0.0,0.0,4.71,1.57,0.0,0.0,0.0,0.0,3.14,3.14,0.0,0.0,0.0,0.0,1.57,0,4.71,0,1.57,0.0,0.0,1.57,0.0,0.0,4
40+Emily Ley Shares her #FormulaForHappiness.txt,1,2294,34.07,54.62,68.33,99.0,13.65,19.53,93.29,67.74,50.65,17.7,12.21,8.54,2.44,0.0,0.0,1.22,5.49,17.09,5.49,1.74,11.6,7.32,3.66,9.76,0.61,14.65,7.32,7.32,8.54,5.49,1.83,1.22,11.6,1.22,10.37,1.83,2.44,1.22,0.61,2.44,1.22,0.0,10.99,9.76,1.22,5.49,5.49,0.0,0.0,0.0,0.0,0.0,12.82,2.44,0.0,0.0,0,0.61,0.0,10.37,3.05,0.61,1.22,0.61,0.0,0.0,0.0,0.0,4.88,0.61,1.22,3.05,0.61,0.0,3.05,1.22,0.0,0.61,0,0,0.0,0.61,0,0.0,0.0,0.61,0.0,1.22,0,0.0,0.0,0.0,10.99,7.93,0.61,1.83,6.1,0.0,0.0,0.0,2.44,0.0,6.71,0.61,1.83,1.83,0.0,0.0,0,23.58,8.46,9.72,0.0,0.0,4.27,1.13,0,1.83,0.0,0.0,1.83,4.27,0.0,0.0,1.22,1.22,2.44,0.61,0.0,0.0,0,0.61,2.44,0.61,0.0,6.1,1.22,5.49,0.0,1.22,1.22,0.0,0.0,0.0,1.22,0.0,0,2.44,0,1.83,0.0,1.83,3.66,0.61,0.0,40
41+Enfagrow A+ - The Only Brand with MFGM Complex + Highest DHA_. Today Builds Tomorrow. (2).txt,1,163,62.75,23.77,52.07,96.36,10.87,21.47,81.6,58.28,46.01,9.2,3.07,3.07,0.0,0.0,0.0,0.0,6.13,15.34,3.07,4.91,12.27,6.13,0.0,9.2,3.07,9.2,15.34,12.27,3.07,3.07,0.0,0.0,15.34,3.07,12.27,3.07,3.07,0.0,0.0,0.0,3.07,0.0,6.13,6.13,0.0,0.0,0.0,0.0,0.0,0.0,0.0,0.0,12.27,6.13,6.13,0.0,0,0.0,0.0,6.13,6.13,0.0,0.0,0.0,0.0,0.0,0.0,0.0,0.0,0.0,0.0,0.0,0.0,0.0,3.07,0.0,0.0,0.0,0,0,0.0,3.07,0,0.0,0.0,0.0,6.13,0.0,0,0.0,0.0,0.0,3.07,6.13,0.0,0.0,6.13,0.0,0.0,0.0,3.07,0.0,6.13,3.07,0.0,0.0,0.0,0.0,0,24.54,14.11,5.52,0.0,0.0,0.0,4.91,0,3.07,0.0,0.0,0.0,0.0,0.0,0.0,0.0,0.0,0.0,0.0,0.0,0.0,0,0.0,0.0,0.0,3.07,0.0,0.0,0.0,0.0,9.2,3.07,0.0,0.0,0.0,0.0,3.07,0,6.13,0,3.07,0.0,0.0,3.07,0.0,0.0,41
42+Enfagrow A+ Brain Expo Educational Event - TVC.txt,1,238,98.58,64.86,3.9,96.92,15.87,21.01,72.69,52.52,37.82,2.1,2.1,0.0,2.1,0.0,0.0,0.0,0.0,14.71,10.5,5.46,12.61,4.2,2.1,2.1,0.0,8.4,12.61,4.2,12.61,4.2,8.4,0.0,8.4,0.0,8.4,4.2,2.1,2.1,0.0,0.0,0.0,0.0,6.3,6.3,0.0,0.0,0.0,0.0,0.0,0.0,0.0,0.0,4.2,2.1,0.0,0.0,0,0.0,0.0,2.1,0.0,0.0,0.0,0.0,0.0,0.0,0.0,0.0,6.3,0.0,0.0,6.3,0.0,0.0,6.3,0.0,0.0,0.0,0,0,0.0,0.0,0,0.0,0.0,0.0,0.0,0.0,0,0.0,0.0,0.0,4.2,6.3,0.0,2.1,2.1,2.1,0.0,0.0,2.1,0.0,2.1,0.0,0.0,0.0,0.0,0.0,0,25.21,9.66,10.08,0.0,0.0,0.0,5.46,0,0.0,0.0,0.0,0.0,4.2,4.2,0.0,2.1,0.0,0.0,2.1,8.4,0.0,0,0.0,0.0,0.0,0.0,0.0,0.0,2.1,2.1,6.3,2.1,0.0,0.0,0.0,0.0,2.1,0,4.2,0,8.4,0.0,0.0,8.4,0.0,0.0,42
43+Enfamil Enspire Baby Formula Milk Powder.txt,1,4,1.0,99.0,,,4.0,0.0,100.0,75.0,75.0,75.0,50.0,0.0,0.0,50.0,0.0,0.0,25.0,25.0,0.0,25.0,0.0,0.0,0.0,0.0,25.0,0.0,0.0,25.0,0.0,0.0,0.0,0.0,25.0,25.0,0.0,0.0,0.0,0.0,0.0,0.0,0.0,0.0,0.0,0.0,0.0,0.0,0.0,0.0,0.0,0.0,0.0,0.0,50.0,0.0,0.0,0.0,0,0.0,0.0,50.0,0.0,0.0,0.0,0.0,0.0,0.0,0.0,0.0,0.0,0.0,0.0,0.0,0.0,0.0,0.0,0.0,0.0,0.0,0,0,0.0,0.0,0,0.0,0.0,0.0,0.0,0.0,0,0.0,0.0,0.0,0.0,0.0,0.0,0.0,0.0,0.0,0.0,0.0,0.0,0.0,0.0,0.0,0.0,0.0,0.0,0.0,0,100.0,25.0,25.0,0.0,0.0,0.0,50.0,50,0.0,0.0,0.0,0.0,0.0,0.0,0.0,0.0,0.0,0.0,0.0,0.0,0.0,0,0.0,0.0,0.0,0.0,0.0,0.0,0.0,0.0,0.0,0.0,0.0,0.0,0.0,0.0,0.0,0,0.0,0,0.0,0.0,0.0,0.0,0.0,0.0,43
44+Enfamil NeuroPro Gentlease Formula I Choose all-in-one comfort for happiness.txt,1,406,68.11,80.54,36.76,99.0,13.53,23.65,89.66,62.07,42.86,7.39,4.43,0.0,2.96,1.48,0.0,0.0,2.96,7.39,1.48,6.9,14.78,7.39,7.39,4.43,0.0,20.69,5.91,10.34,7.39,5.91,1.48,0.0,13.3,2.96,10.34,1.48,2.96,1.48,1.48,0.0,1.48,0.0,16.26,11.82,4.43,10.34,5.91,4.43,1.48,0.0,1.48,0.0,13.3,8.87,4.43,0.0,0,0.0,1.48,4.43,0.0,0.0,0.0,0.0,0.0,0.0,0.0,0.0,4.43,0.0,0.0,1.48,0.0,2.96,5.91,1.48,0.0,0.0,0,0,0.0,0.0,0,0.0,1.48,0.0,0.0,1.48,0,0.0,1.48,0.0,7.39,8.87,0.0,2.96,7.39,0.0,0.0,0.0,4.43,1.48,7.39,2.96,0.0,0.0,0.0,0.0,0,29.8,9.85,10.1,0.0,0.0,1.48,8.37,0,4.43,1.48,0.0,1.48,5.91,0.0,1.48,1.48,0.0,1.48,2.96,0.0,0.0,0,0.0,1.48,1.48,2.96,1.48,0.0,0.0,1.48,2.96,2.96,0.0,0.0,0.0,0.0,0.0,0,2.96,0,0.0,0.0,1.48,1.48,0.0,0.0,44
45+Enfamil Next Step Toddler Formula Commercial 1993.txt,1,874,82.72,56.44,48.03,82.47,4.86,13.73,78.03,63.16,48.05,6.86,5.49,0.0,1.37,0.0,4.12,0.0,1.37,15.1,12.36,2.52,12.36,5.49,9.61,2.75,4.12,6.86,12.36,6.86,1.37,1.37,0.0,0.0,6.86,0.0,6.86,0.0,0.0,1.37,1.37,0.0,4.12,0.0,4.12,4.12,0.0,1.37,1.37,0.0,0.0,0.0,0.0,0.0,10.98,1.37,0.0,0.0,0,0.0,0.0,9.61,1.37,0.0,0.0,6.86,0.0,0.0,0.0,0.0,0.0,0.0,0.0,0.0,0.0,0.0,2.75,0.0,0.0,0.0,0,0,0.0,2.75,0,0.0,0.0,0.0,0.0,1.37,0,0.0,0.0,0.0,9.61,6.86,0.0,4.12,4.12,0.0,0.0,0.0,10.98,0.0,5.49,0.0,2.75,0.0,0.0,2.75,0,37.87,20.37,6.75,0.0,2.75,5.49,2.52,0,0.0,0.0,0.0,0.0,2.75,0.0,2.75,0.0,2.75,0.0,2.75,0.0,2.75,0,0.0,0.0,0.0,0.0,5.49,0.0,0.0,0.0,6.86,0.0,0.0,0.0,0.0,0.0,0.0,0,0.0,0,0.0,0.0,0.0,0.0,0.0,0.0,45
46+Enfamil’s New Campaign Challenges Other Formula Makers to #RaiseTheDHA.txt,1,610,79.06,90.37,2.6,99.0,9.68,22.13,77.87,59.02,45.74,7.38,5.9,0.0,2.95,1.48,0.0,1.48,1.48,20.66,10.33,2.62,8.85,11.8,2.95,1.48,1.48,16.23,8.85,11.8,4.43,2.95,1.48,1.48,7.38,1.48,5.9,0.0,1.48,1.48,0.0,0.0,2.95,0.0,7.38,7.38,0.0,0.0,0.0,0.0,0.0,0.0,0.0,0.0,17.7,7.38,1.48,0.0,0,0.0,0.0,10.33,2.95,0.0,0.0,0.0,0.0,0.0,0.0,0.0,0.0,0.0,0.0,0.0,0.0,0.0,2.95,1.48,0.0,0.0,0,0,0.0,0.0,0,0.0,0.0,0.0,0.0,0.0,0,0.0,0.0,0.0,2.95,5.9,0.0,2.95,2.95,0.0,0.0,0.0,0.0,0.0,10.33,0.0,0.0,0.0,0.0,0.0,0,24.26,11.48,2.79,1.48,0.0,5.9,2.62,0,1.48,0.0,0.0,0.0,4.43,0.0,0.0,0.0,2.95,0.0,1.48,0.0,0.0,0,0.0,0.0,0.0,2.95,5.9,8.85,0.0,0.0,4.43,0.0,0.0,0.0,0.0,0.0,1.48,0,1.48,0,1.48,0.0,0.0,1.48,0.0,0.0,46
47+Enspire™ Moments by Enfamil®.txt,1,70,89.52,,98.38,99.0,11.67,30.0,100.0,51.43,42.86,12.86,0.0,0.0,0.0,0.0,0.0,0.0,12.86,25.71,8.57,5.71,12.86,4.29,4.29,0.0,0.0,8.57,8.57,4.29,8.57,4.29,4.29,0.0,21.43,0.0,21.43,17.14,0.0,0.0,0.0,4.29,0.0,0.0,21.43,21.43,0.0,12.86,12.86,0.0,0.0,0.0,0.0,0.0,8.57,4.29,0.0,0.0,0,0.0,0.0,0.0,0.0,0.0,0.0,0.0,0.0,0.0,0.0,0.0,0.0,0.0,0.0,0.0,0.0,0.0,0.0,0.0,0.0,0.0,0,0,0.0,0.0,0,0.0,0.0,0.0,0.0,4.29,0,0.0,0.0,17.14,12.86,8.57,0.0,0.0,8.57,0.0,0.0,0.0,4.29,0.0,4.29,0.0,0.0,0.0,0.0,0.0,0,31.43,14.29,11.43,0.0,0.0,0.0,5.71,0,0.0,0.0,0.0,0.0,12.86,0.0,0.0,12.86,0.0,12.86,0.0,0.0,0.0,0,0.0,8.57,0.0,4.29,4.29,0.0,4.29,0.0,12.86,0.0,0.0,12.86,0.0,4.29,0.0,0,17.14,0,0.0,8.57,8.57,8.57,0.0,0.0,47
48+Fuel baby's development.txt,1,376,95.89,95.25,16.56,99.0,20.89,23.94,80.85,55.85,38.3,6.38,6.38,0.0,0.0,4.79,0.0,1.6,0.0,14.36,9.57,4.26,12.77,1.6,3.19,4.79,0.0,11.17,7.98,7.98,6.38,1.6,4.79,1.6,6.38,0.0,6.38,3.19,0.0,1.6,3.19,0.0,0.0,0.0,7.98,7.98,0.0,1.6,1.6,0.0,0.0,0.0,0.0,0.0,19.15,7.98,1.6,0.0,0,0.0,0.0,7.98,1.6,0.0,0.0,0.0,0.0,0.0,0.0,0.0,0.0,0.0,0.0,0.0,0.0,0.0,7.98,3.19,0.0,0.0,0,0,0.0,1.6,0,0.0,0.0,0.0,0.0,1.6,0,0.0,0.0,3.19,7.98,6.38,0.0,0.0,6.38,0.0,0.0,0.0,4.79,1.6,4.79,0.0,0.0,0.0,0.0,0.0,0,17.82,7.45,4.52,0.0,0.0,1.6,4.26,0,1.6,0.0,0.0,0.0,9.57,0.0,0.0,3.19,6.38,1.6,0.0,0.0,1.6,0,0.0,1.6,0.0,3.19,3.19,0.0,4.79,0.0,4.79,0.0,1.6,3.19,0.0,0.0,0.0,0,4.79,0,3.19,1.6,1.6,4.79,0.0,0.0,48
49+GERBER  Infant Formula commercial- Genius.txt,1,430,91.87,62.14,53.52,99.0,7.68,27.91,79.53,53.95,37.21,5.58,0.0,0.0,0.0,0.0,0.0,0.0,5.58,13.02,7.44,6.98,13.02,9.3,1.86,1.86,0.0,20.47,5.58,5.58,1.86,1.86,0.0,0.0,7.44,0.0,7.44,5.58,0.0,1.86,0.0,0.0,0.0,0.0,11.16,11.16,0.0,5.58,5.58,0.0,0.0,0.0,0.0,0.0,5.58,1.86,0.0,1.86,0,0.0,0.0,3.72,3.72,0.0,0.0,0.0,0.0,0.0,0.0,0.0,1.86,0.0,0.0,1.86,0.0,0.0,5.58,1.86,0.0,0.0,0,0,0.0,1.86,0,0.0,0.0,0.0,0.0,0.0,0,0.0,1.86,1.86,14.88,3.72,0.0,0.0,3.72,0.0,0.0,0.0,11.16,5.58,9.3,0.0,0.0,0.0,0.0,0.0,0,30.47,16.28,5.35,0.0,0.0,3.72,5.12,0,0.0,0.0,0.0,0.0,3.72,0.0,0.0,0.0,3.72,0.0,0.0,1.86,0.0,0,0.0,5.58,0.0,0.0,5.58,0.0,5.58,1.86,16.74,0.0,0.0,0.0,0.0,0.0,1.86,0,1.86,0,0.0,0.0,0.0,0.0,0.0,1.86,49
5+All in One Day.txt,1,518,78.45,40.06,1.0,87.57,16.19,38.61,69.11,41.7,29.34,0.0,0.0,0.0,0.0,0.0,0.0,0.0,0.0,10.81,3.09,8.88,7.72,1.54,1.54,10.81,3.09,7.72,7.72,9.27,1.54,1.54,0.0,0.0,7.72,3.09,4.63,0.0,0.0,1.54,0.0,0.0,1.54,0.0,10.81,7.72,3.09,6.18,3.09,3.09,0.0,0.0,3.09,0.0,13.9,9.27,4.63,0.0,0,0.0,3.09,4.63,4.63,0.0,0.0,0.0,0.0,0.0,0.0,0.0,1.54,0.0,0.0,1.54,0.0,0.0,7.72,6.18,0.0,1.54,0,0,0.0,1.54,0,0.0,0.0,0.0,0.0,0.0,0,0.0,0.0,0.0,4.63,0.0,0.0,0.0,0.0,0.0,0.0,0.0,3.09,0.0,3.09,0.0,0.0,0.0,0.0,0.0,0,33.01,7.34,15.25,1.54,0.0,0.0,8.88,0,0.0,0.0,0.0,0.0,3.09,0.0,0.0,0.0,3.09,0.0,0.0,0.0,0.0,0,0.0,0.0,0.0,4.63,4.63,1.54,0.0,0.0,6.18,1.54,0.0,0.0,0.0,0.0,0.0,0,1.54,0,0.0,0.0,0.0,0.0,0.0,1.54,5
50+Gerber Baby Formula_Soy Baby Formula Commercial - 1992.txt,1,900,27.51,4.25,96.48,96.29,8.18,13.44,87.78,64.78,48.89,20.78,13.44,9.78,1.22,1.22,0.0,0.0,7.33,11.0,3.67,2.22,12.22,7.33,2.44,7.33,2.44,14.67,9.78,0.0,4.89,2.44,2.44,0.0,18.33,0.0,18.33,1.22,1.22,4.89,3.67,0.0,7.33,0.0,6.11,6.11,0.0,0.0,0.0,0.0,0.0,0.0,0.0,0.0,9.78,2.44,0.0,0.0,0,0.0,0.0,7.33,3.67,0.0,0.0,0.0,0.0,0.0,0.0,0.0,1.22,0.0,0.0,1.22,0.0,0.0,8.56,1.22,0.0,0.0,0,0,0.0,3.67,0,1.22,1.22,0.0,0.0,0.0,0,0.0,0.0,0.0,7.33,4.89,0.0,2.44,4.89,0.0,0.0,0.0,7.33,0.0,7.33,0.0,0.0,0.0,0.0,0.0,0,25.11,9.56,3.56,4.89,0.0,4.89,2.22,0,0.0,0.0,0.0,0.0,6.11,0.0,2.44,1.22,4.89,0.0,1.22,0.0,3.67,0,0.0,0.0,0.0,0.0,1.22,0.0,2.44,0.0,12.22,1.22,0.0,0.0,0.0,0.0,0.0,0,1.22,0,0.0,0.0,0.0,0.0,0.0,2.44,50
51+Gerber Good Start - Gentle Formula with Comfort Proteins Advantage.txt,1,700,38.03,99.0,31.27,99.0,11.11,25.71,89.71,51.43,38.57,15.43,11.57,0.0,0.0,11.57,0.0,0.0,3.86,14.14,3.86,2.29,6.43,6.43,2.57,5.14,1.29,14.14,5.14,0.0,2.57,0.0,2.57,1.29,14.14,0.0,14.14,5.14,1.29,1.29,2.57,0.0,3.86,0.0,11.57,11.57,0.0,7.71,7.71,0.0,0.0,0.0,0.0,0.0,18.0,2.57,0.0,0.0,0,0.0,0.0,15.43,3.86,0.0,0.0,0.0,0.0,0.0,0.0,0.0,0.0,0.0,0.0,0.0,0.0,0.0,10.29,3.86,1.29,2.57,0,0,0.0,2.57,0,0.0,1.29,0.0,0.0,1.29,0,2.57,2.57,1.29,12.86,2.57,0.0,0.0,1.29,1.29,0.0,0.0,6.43,0.0,6.43,1.29,0.0,0.0,0.0,0.0,0,21.14,11.29,6.29,0.0,0.0,1.29,2.29,0,0.0,0.0,0.0,0.0,9.0,0.0,1.29,3.86,5.14,1.29,0.0,0.0,0.0,0,0.0,6.43,1.29,1.29,5.14,1.29,9.0,0.0,9.0,0.0,1.29,1.29,0.0,0.0,0.0,0,2.57,0,1.29,1.29,1.29,2.57,0.0,2.57,51
52+GERBER GOOD START Infant Formula commercial - Welcome to the Gerber Generation.txt,1,94,99.0,84.86,42.1,99.0,7.83,17.02,82.98,42.55,29.79,0.0,0.0,0.0,0.0,0.0,0.0,0.0,0.0,17.02,17.02,6.38,12.77,0.0,0.0,0.0,0.0,8.51,4.26,0.0,8.51,8.51,0.0,0.0,0.0,0.0,0.0,0.0,0.0,0.0,0.0,0.0,0.0,0.0,17.02,17.02,0.0,4.26,4.26,0.0,0.0,0.0,0.0,0.0,21.28,12.77,0.0,8.51,0,0.0,8.51,8.51,4.26,0.0,0.0,0.0,0.0,0.0,0.0,0.0,0.0,0.0,0.0,0.0,0.0,0.0,0.0,0.0,0.0,0.0,0,0,0.0,0.0,0,0.0,0.0,0.0,0.0,0.0,0,0.0,0.0,0.0,12.77,0.0,0.0,0.0,0.0,0.0,0.0,0.0,17.02,0.0,4.26,0.0,0.0,0.0,0.0,0.0,0,28.72,19.15,3.19,0.0,0.0,0.0,6.38,0,0.0,0.0,0.0,0.0,0.0,0.0,0.0,0.0,0.0,0.0,0.0,0.0,0.0,0,0.0,4.26,0.0,0.0,4.26,4.26,4.26,4.26,17.02,0.0,0.0,0.0,0.0,0.0,0.0,0,0.0,0,0.0,0.0,0.0,0.0,0.0,0.0,52
53+Gerber® Good Start® Soothe.txt,1,888,62.42,96.25,3.18,55.27,12.69,16.89,85.36,59.68,45.05,12.39,9.01,0.0,0.0,7.88,0.0,1.13,3.38,12.39,4.5,3.15,12.39,6.76,3.38,5.63,1.13,19.14,2.25,4.5,2.25,0.0,2.25,1.13,12.39,2.25,10.14,1.13,0.0,3.38,3.38,0.0,4.5,0.0,11.26,6.76,4.5,11.26,6.76,4.5,0.0,0.0,4.5,0.0,21.4,10.14,3.38,0.0,0,0.0,5.63,11.26,2.25,0.0,0.0,0.0,0.0,0.0,0.0,0.0,1.13,0.0,0.0,1.13,0.0,0.0,5.63,3.38,0.0,0.0,0,0,0.0,0.0,0,0.0,1.13,0.0,0.0,2.25,0,1.13,0.0,0.0,9.01,2.25,0.0,0.0,2.25,0.0,0.0,0.0,3.38,1.13,7.88,0.0,0.0,0.0,0.0,0.0,0,25.34,9.91,6.64,0.0,0.0,4.5,4.28,0,0.0,0.0,0.0,0.0,3.38,0.0,1.13,1.13,2.25,0.0,0.0,0.0,0.0,0,0.0,3.38,0.0,0.0,4.5,1.13,4.5,0.0,2.25,0.0,0.0,0.0,0.0,0.0,0.0,0,0.0,0,0.0,0.0,0.0,0.0,0.0,0.0,53
54+Growing-Up Formula-Enlac TV Ad.txt,1,430,92.87,99.0,40.13,40.72,7.96,16.74,77.67,46.05,33.49,5.58,5.58,0.0,2.79,2.79,0.0,0.0,0.0,2.79,0.0,14.88,19.53,4.19,1.4,5.58,0.0,9.77,2.79,5.58,6.98,4.19,0.0,2.79,0.0,0.0,0.0,0.0,0.0,0.0,0.0,0.0,0.0,0.0,1.4,1.4,0.0,0.0,0.0,0.0,0.0,0.0,0.0,0.0,15.35,1.4,0.0,0.0,0,0.0,0.0,13.95,6.98,0.0,0.0,1.4,0.0,0.0,0.0,0.0,2.79,0.0,0.0,0.0,2.79,0.0,2.79,2.79,0.0,2.79,0,0,0.0,0.0,0,0.0,0.0,0.0,0.0,0.0,0,0.0,0.0,0.0,4.19,12.56,0.0,0.0,12.56,0.0,0.0,0.0,4.19,0.0,5.58,0.0,0.0,0.0,0.0,0.0,0,29.53,14.88,5.35,0.0,0.0,4.19,5.12,0,0.0,0.0,0.0,0.0,1.4,0.0,0.0,0.0,1.4,0.0,0.0,1.4,0.0,0,0.0,0.0,0.0,0.0,5.58,1.4,1.4,0.0,11.16,0.0,0.0,0.0,0.0,0.0,1.4,0,1.4,0,0.0,0.0,0.0,0.0,0.0,1.4,54
"55+Happy Gut, Happy Brain _ Similac Total Comfort _ Formula Milk for Sensitive Tummies.txt",1,278,96.59,89.7,,99.0,6.62,22.66,89.93,50.36,32.73,10.07,5.04,0.0,0.0,5.04,0.0,0.0,5.04,15.11,15.11,4.32,5.04,0.0,0.0,2.52,0.0,0.0,17.63,10.07,0.0,0.0,0.0,0.0,2.52,0.0,2.52,0.0,2.52,0.0,0.0,0.0,0.0,0.0,10.07,10.07,0.0,10.07,10.07,0.0,0.0,0.0,0.0,0.0,5.04,0.0,0.0,0.0,0,0.0,0.0,5.04,0.0,0.0,0.0,0.0,0.0,0.0,0.0,0.0,0.0,0.0,0.0,0.0,0.0,0.0,32.73,2.52,0.0,2.52,0,0,0.0,15.11,0,0.0,0.0,0.0,0.0,0.0,0,0.0,0.0,0.0,0.0,0.0,0.0,0.0,0.0,0.0,0.0,0.0,0.0,0.0,0.0,0.0,0.0,0.0,0.0,0.0,0,25.9,19.42,2.16,0.0,0.0,0.0,4.32,0,0.0,0.0,0.0,5.04,5.04,0.0,0.0,0.0,0.0,5.04,0.0,0.0,0.0,0,0.0,0.0,0.0,0.0,5.04,0.0,7.55,0.0,0.0,0.0,0.0,0.0,0.0,0.0,0.0,0,0.0,0,7.55,0.0,5.04,12.59,0.0,0.0,55
56+HiPP Organic UK Big On The Little Things - Brand film.txt,1,622,64.74,62.91,23.55,,9.72,20.58,87.14,73.31,51.45,16.72,7.72,2.57,5.14,0.0,0.0,0.0,9.0,12.86,6.43,3.54,15.43,5.14,2.57,6.43,2.57,11.58,12.86,9.0,6.43,5.14,1.29,0.0,11.58,3.86,7.72,1.29,2.57,0.0,0.0,0.0,3.86,0.0,0.0,0.0,0.0,0.0,0.0,0.0,0.0,0.0,0.0,0.0,9.0,1.29,0.0,0.0,0,0.0,1.29,7.72,1.29,0.0,0.0,0.0,0.0,0.0,0.0,0.0,1.29,0.0,0.0,1.29,0.0,0.0,10.29,5.14,0.0,5.14,0,0,0.0,2.57,0,0.0,0.0,0.0,0.0,0.0,0,0.0,0.0,0.0,12.86,0.0,0.0,0.0,0.0,0.0,0.0,0.0,6.43,3.86,3.86,0.0,1.29,0.0,1.29,0.0,0,24.92,12.54,4.98,0.0,0.0,2.57,4.82,0,1.29,0.0,0.0,0.0,1.29,0.0,0.0,0.0,1.29,0.0,0.0,0.0,2.57,0,0.0,0.0,0.0,0.0,6.43,1.29,1.29,0.0,1.29,1.29,0.0,0.0,0.0,0.0,0.0,0,1.29,0,1.29,0.0,0.0,1.29,0.0,0.0,56
57+Holle Organic Infant Formulas.txt,1,2169,77.29,96.51,13.28,76.1,16.68,29.97,83.82,60.58,45.0,9.64,5.99,0.0,4.2,1.8,0.0,0.0,3.64,15.03,5.99,2.26,13.79,3.6,5.99,5.99,1.24,11.39,10.19,4.24,10.79,5.39,2.4,3.6,10.24,2.44,7.79,0.6,3.6,0.6,0.6,1.2,1.2,0.0,3.6,3.6,0.0,1.2,1.2,0.0,0.0,0.0,0.0,0.0,14.38,4.2,0.0,0.0,0,0.0,2.4,10.19,3.6,0.0,0.0,0.0,0.0,0.0,0.0,0.0,3.6,0.6,0.0,3.0,0.0,0.0,7.19,2.4,0.0,2.4,0,0,0.0,4.79,0,1.8,0.0,0.0,0.0,0.0,0,0.0,0.0,0.0,6.59,5.39,0.0,1.2,4.79,0.6,0.0,0.0,4.79,0.6,4.2,1.2,0.0,0.0,0.0,0.0,0,16.51,7.05,5.95,0.0,0.0,2.4,1.11,0,2.4,0.0,0.0,0.0,5.39,0.6,0.0,0.6,3.6,0.6,0.6,0.6,3.0,0,0.6,0.6,0.6,0.6,5.39,0.0,5.39,0.0,4.2,1.2,0.0,0.0,0.0,0.0,1.2,0,2.4,0,1.2,0.0,0.0,1.2,0.0,1.2,57
58+How Long Does it take to Transition ( -32).txt,1,12,1.0,99.0,39.59,,3.0,16.67,83.33,66.67,33.33,16.67,16.67,0.0,16.67,0.0,0.0,0.0,0.0,0.0,0.0,16.67,0.0,16.67,16.67,16.67,0.0,50.0,0.0,0.0,16.67,16.67,0.0,0.0,0.0,0.0,0.0,0.0,0.0,0.0,0.0,0.0,0.0,0.0,0.0,0.0,0.0,0.0,0.0,0.0,0.0,0.0,0.0,0.0,16.67,0.0,0.0,0.0,0,0.0,0.0,16.67,0.0,0.0,0.0,0.0,0.0,0.0,0.0,0.0,0.0,0.0,0.0,0.0,0.0,0.0,0.0,0.0,0.0,0.0,0,0,0.0,0.0,0,0.0,0.0,16.67,0.0,0.0,0,0.0,0.0,0.0,16.67,0.0,0.0,0.0,0.0,0.0,0.0,0.0,16.67,16.67,16.67,0.0,0.0,0.0,0.0,0.0,0,108.33,33.33,25.0,0.0,16.67,16.67,16.67,0,0.0,0.0,0.0,0.0,0.0,0.0,0.0,0.0,0.0,0.0,0.0,0.0,0.0,0,0.0,0.0,0.0,0.0,0.0,0.0,0.0,0.0,0.0,0.0,0.0,0.0,0.0,0.0,0.0,0,0.0,0,0.0,0.0,0.0,0.0,0.0,0.0,58
59+How to make a baby bottle of Similac® formula..txt,1,10,39.7,3.95,,,10.0,60.0,20.0,10.0,10.0,10.0,0.0,0.0,0.0,0.0,0.0,0.0,10.0,10.0,0.0,10.0,0.0,0.0,0.0,0.0,10.0,0.0,0.0,10.0,0.0,0.0,0.0,0.0,10.0,10.0,0.0,0.0,0.0,0.0,0.0,0.0,0.0,0.0,0.0,0.0,0.0,0.0,0.0,0.0,0.0,0.0,0.0,0.0,0.0,0.0,0.0,0.0,0,0.0,0.0,0.0,0.0,0.0,0.0,0.0,0.0,0.0,0.0,0.0,0.0,0.0,0.0,0.0,0.0,0.0,0.0,0.0,0.0,0.0,0,0,0.0,0.0,0,0.0,0.0,0.0,0.0,0.0,0,0.0,0.0,0.0,0.0,0.0,0.0,0.0,0.0,0.0,0.0,0.0,0.0,0.0,0.0,0.0,0.0,0.0,0.0,0.0,0,40.0,10.0,10.0,0.0,0.0,0.0,20.0,0,0.0,0.0,0.0,0.0,0.0,0.0,0.0,0.0,0.0,0.0,0.0,0.0,0.0,0,0.0,0.0,0.0,0.0,0.0,0.0,0.0,0.0,0.0,0.0,0.0,0.0,0.0,0.0,0.0,0,0.0,0,0.0,0.0,0.0,0.0,0.0,0.0,59
60+Introducing Enspire™ by Enfamil®.txt,1,126,89.52,,77.17,99.0,7.88,41.27,71.43,41.27,31.75,3.17,0.0,0.0,0.0,0.0,0.0,0.0,3.17,12.7,3.17,11.11,12.7,3.17,6.35,3.17,0.0,9.52,6.35,9.52,3.17,3.17,0.0,0.0,6.35,0.0,6.35,6.35,0.0,0.0,0.0,0.0,0.0,0.0,9.52,9.52,0.0,6.35,6.35,0.0,0.0,0.0,0.0,0.0,3.17,3.17,0.0,0.0,0,0.0,0.0,0.0,0.0,0.0,0.0,0.0,0.0,0.0,0.0,0.0,0.0,0.0,0.0,0.0,0.0,0.0,9.52,3.17,0.0,0.0,0,0,0.0,3.17,0,0.0,0.0,0.0,0.0,3.17,0,0.0,0.0,3.17,9.52,9.52,0.0,3.17,9.52,0.0,0.0,0.0,3.17,0.0,6.35,0.0,0.0,0.0,0.0,0.0,0,34.13,17.46,5.56,0.0,0.0,6.35,4.76,0,0.0,0.0,0.0,3.17,9.52,0.0,0.0,9.52,0.0,6.35,0.0,0.0,0.0,0,0.0,3.17,0.0,0.0,0.0,0.0,0.0,0.0,9.52,0.0,0.0,3.17,0.0,0.0,3.17,0,6.35,0,0.0,0.0,0.0,0.0,0.0,3.17,60
61+Introducing Kendamil – Britain’s baby formula.txt,1,8,26.1,99.0,,99.0,4.0,0.0,100.0,50.0,25.0,25.0,25.0,0.0,0.0,25.0,0.0,0.0,0.0,0.0,0.0,25.0,0.0,0.0,0.0,0.0,0.0,25.0,0.0,0.0,0.0,0.0,0.0,0.0,0.0,0.0,0.0,0.0,0.0,0.0,0.0,0.0,0.0,0.0,25.0,25.0,0.0,0.0,0.0,0.0,0.0,0.0,0.0,0.0,50.0,25.0,25.0,25.0,0,0.0,25.0,25.0,0.0,0.0,0.0,0.0,0.0,0.0,0.0,0.0,25.0,25.0,0.0,0.0,0.0,0.0,0.0,0.0,0.0,0.0,0,0,0.0,0.0,0,0.0,0.0,0.0,0.0,0.0,0,0.0,0.0,0.0,0.0,25.0,0.0,0.0,0.0,0.0,25.0,0.0,0.0,0.0,0.0,0.0,0.0,0.0,0.0,0.0,0,87.5,50.0,12.5,0.0,0.0,0.0,25.0,0,0.0,0.0,0.0,0.0,25.0,25.0,0.0,0.0,0.0,0.0,0.0,0.0,0.0,0,0.0,0.0,0.0,0.0,0.0,0.0,0.0,0.0,0.0,0.0,0.0,0.0,0.0,0.0,0.0,0,0.0,0,0.0,0.0,0.0,0.0,0.0,0.0,61
62+Introducing NEW Enfagrow A+ with MFGM Complex & 40%% Higher DHA▪.txt,1,153,60.44,98.57,97.97,99.0,5.1,19.61,83.66,62.09,42.48,6.54,6.54,0.0,3.27,3.27,0.0,0.0,0.0,13.07,9.8,8.5,6.54,9.8,6.54,6.54,0.0,13.07,16.34,0.0,6.54,3.27,3.27,0.0,6.54,0.0,6.54,3.27,3.27,0.0,0.0,0.0,0.0,0.0,13.07,13.07,0.0,0.0,0.0,0.0,0.0,0.0,0.0,0.0,9.8,0.0,0.0,0.0,0,0.0,0.0,9.8,0.0,0.0,0.0,0.0,0.0,0.0,0.0,0.0,0.0,0.0,0.0,0.0,0.0,0.0,0.0,0.0,0.0,0.0,0,0,0.0,0.0,0,0.0,0.0,0.0,0.0,0.0,0,3.27,0.0,0.0,9.8,3.27,0.0,0.0,3.27,0.0,0.0,0.0,22.88,3.27,13.07,6.54,0.0,0.0,0.0,0.0,0,42.48,21.57,2.61,3.27,0.0,0.0,15.03,0,0.0,0.0,0.0,3.27,6.54,0.0,0.0,3.27,3.27,3.27,0.0,0.0,6.54,0,0.0,0.0,0.0,0.0,0.0,0.0,0.0,0.0,19.61,0.0,6.54,0.0,0.0,0.0,3.27,0,9.8,0,0.0,0.0,0.0,0.0,0.0,0.0,62
63+It All Adds Up.txt,1,768,52.84,63.18,24.53,99.0,15.36,23.44,85.68,69.01,49.48,6.51,3.91,0.0,1.3,2.6,0.0,0.0,2.6,16.93,3.91,6.25,10.42,3.91,6.51,10.42,2.6,11.72,16.93,13.02,5.21,3.91,1.3,0.0,14.32,1.3,13.02,3.91,1.3,0.0,3.91,0.0,5.21,0.0,10.42,9.11,1.3,5.21,3.91,1.3,0.0,0.0,1.3,0.0,10.42,2.6,1.3,0.0,0,0.0,1.3,7.81,3.91,0.0,1.3,0.0,0.0,0.0,0.0,0.0,1.3,0.0,0.0,1.3,0.0,0.0,3.91,2.6,0.0,0.0,0,0,0.0,1.3,0,0.0,0.0,0.0,0.0,0.0,0,0.0,0.0,1.3,7.81,1.3,0.0,0.0,1.3,0.0,0.0,0.0,3.91,1.3,5.21,0.0,0.0,0.0,0.0,0.0,0,26.69,7.55,8.98,1.3,0.0,0.0,8.85,0,1.3,0.0,0.0,2.6,5.21,0.0,0.0,0.0,2.6,2.6,0.0,0.0,0.0,0,0.0,1.3,2.6,2.6,2.6,1.3,2.6,0.0,6.51,1.3,0.0,0.0,0.0,0.0,0.0,0,1.3,0,0.0,0.0,2.6,2.6,0.0,0.0,63
64+Jersey 爱薇牛 Milk Powder Commercial HD. mp4.txt,1,1068,93.8,80.96,2.72,99.0,11.87,16.85,78.46,49.63,41.2,5.62,2.81,0.94,0.94,0.94,0.0,0.0,2.81,12.17,8.43,1.69,14.04,5.62,1.87,5.62,0.0,8.43,5.62,2.81,4.68,2.81,1.87,0.0,7.49,1.87,5.62,0.94,2.81,0.94,0.0,0.0,0.94,0.0,12.17,12.17,0.0,8.43,8.43,0.0,0.0,0.0,0.0,0.0,10.3,1.87,0.0,0.94,0,0.94,0.0,7.49,2.81,0.0,1.87,0.0,0.0,0.0,0.0,0.0,2.81,0.94,0.0,1.87,0.0,0.0,5.62,1.87,0.0,1.87,0,0,0.0,3.75,0,0.0,0.94,0.0,0.0,0.94,0,0.0,0.0,0.0,6.55,4.68,0.0,0.94,3.75,0.0,0.0,0.0,0.94,0.0,4.68,0.94,0.0,0.0,0.0,0.0,0,16.39,10.11,2.72,0.0,0.0,0.94,2.62,0,2.81,0.0,0.0,6.55,9.36,0.0,0.0,0.94,0.94,7.49,0.94,0.0,0.0,0,0.0,0.0,0.0,0.94,1.87,1.87,7.49,0.0,2.81,0.0,0.0,0.94,0.0,0.94,0.0,0,1.87,0,0.0,0.0,3.75,3.75,0.0,0.0,64
65+Join thousands of happy Kabrita families.txt,1,895,68.59,73.35,4.42,99.0,4.3,14.53,72.4,59.55,31.96,13.07,2.91,0.0,0.0,1.45,0.0,0.0,10.17,7.26,4.36,2.68,7.26,8.72,0.0,0.0,0.0,15.98,15.98,0.0,5.81,2.91,1.45,1.45,5.81,1.45,4.36,1.45,0.0,1.45,0.0,0.0,0.0,0.0,10.17,10.17,0.0,0.0,0.0,0.0,0.0,0.0,0.0,0.0,7.26,1.45,0.0,0.0,0,0.0,0.0,4.36,0.0,0.0,0.0,0.0,2.91,1.45,1.45,0.0,0.0,0.0,0.0,0.0,0.0,0.0,5.81,0.0,0.0,0.0,0,0,0.0,4.36,0,0.0,0.0,1.45,0.0,0.0,0,0.0,0.0,0.0,11.62,5.81,1.45,1.45,4.36,0.0,0.0,0.0,2.91,0.0,8.72,2.91,8.72,4.36,4.36,1.45,0,41.56,14.3,8.6,5.81,7.26,2.91,2.68,0,1.45,0.0,0.0,0.0,4.36,0.0,4.36,1.45,2.91,0.0,2.91,4.36,0.0,0,0.0,1.45,1.45,2.91,0.0,0.0,1.45,0.0,4.36,0.0,1.45,0.0,0.0,0.0,0.0,0,1.45,0,0.0,0.0,0.0,0.0,0.0,0.0,65
66+Karicare _ Only What Matters.txt,1,398,23.41,89.64,64.05,96.02,9.95,26.13,89.95,72.36,46.23,14.07,6.03,0.0,4.02,0.0,0.0,0.0,8.04,8.04,4.02,3.52,10.05,6.03,10.05,8.04,2.01,26.13,8.04,2.01,6.03,6.03,0.0,0.0,18.09,0.0,18.09,6.03,4.02,2.01,0.0,0.0,0.0,0.0,6.03,6.03,0.0,2.01,2.01,0.0,0.0,0.0,0.0,0.0,12.06,4.02,4.02,0.0,0,0.0,0.0,8.04,2.01,0.0,0.0,0.0,0.0,0.0,0.0,0.0,0.0,0.0,0.0,0.0,0.0,0.0,6.03,2.01,0.0,2.01,0,0,0.0,6.03,0,2.01,0.0,0.0,0.0,0.0,0,0.0,0.0,0.0,6.03,12.06,0.0,8.04,6.03,0.0,0.0,0.0,2.01,4.02,6.03,0.0,0.0,0.0,0.0,0.0,0,26.88,11.56,5.78,2.01,0.0,4.02,3.52,0,0.0,0.0,0.0,0.0,0.0,0.0,0.0,0.0,0.0,0.0,0.0,0.0,0.0,0,0.0,2.01,0.0,0.0,6.03,0.0,2.01,2.01,0.0,2.01,0.0,0.0,0.0,0.0,0.0,0,2.01,0,2.01,0.0,4.02,6.03,4.02,0.0,66
67+Karicare 'Australia's Happiest Toddler' TVC - AdNews.txt,1,138,72.44,93.24,1.0,99.0,8.63,46.38,65.22,46.38,31.88,5.8,5.8,0.0,0.0,5.8,0.0,0.0,0.0,8.7,5.8,4.35,5.8,8.7,0.0,5.8,0.0,14.49,11.59,2.9,2.9,0.0,2.9,0.0,5.8,0.0,5.8,0.0,2.9,2.9,0.0,0.0,0.0,0.0,14.49,14.49,0.0,5.8,5.8,0.0,0.0,0.0,0.0,0.0,8.7,2.9,2.9,0.0,0,0.0,0.0,5.8,0.0,0.0,0.0,0.0,2.9,0.0,0.0,2.9,0.0,0.0,0.0,0.0,0.0,0.0,2.9,2.9,0.0,2.9,0,0,0.0,2.9,0,0.0,0.0,0.0,0.0,0.0,0,2.9,0.0,5.8,2.9,5.8,5.8,0.0,0.0,5.8,0.0,0.0,0.0,0.0,5.8,0.0,0.0,0.0,0.0,0.0,0,25.36,15.94,2.17,0.0,0.0,2.9,4.35,0,2.9,0.0,0.0,2.9,5.8,0.0,2.9,2.9,0.0,2.9,0.0,2.9,0.0,0,0.0,0.0,0.0,0.0,0.0,2.9,2.9,0.0,0.0,0.0,0.0,0.0,0.0,0.0,0.0,0,0.0,0,0.0,0.0,5.8,5.8,2.9,0.0,67
"68+Lactel Milumel 'Rototo' baby milk_leche de formula bebé, commercial publicite.txt",1,70,,,1.0,,7.78,30.0,10.0,0.0,0.0,0.0,0.0,0.0,0.0,0.0,0.0,0.0,0.0,0.0,0.0,5.71,0.0,0.0,0.0,0.0,0.0,0.0,0.0,0.0,0.0,0.0,0.0,0.0,0.0,0.0,0.0,0.0,0.0,0.0,0.0,0.0,0.0,0.0,0.0,0.0,0.0,0.0,0.0,0.0,0.0,0.0,0.0,0.0,0.0,0.0,0.0,0.0,0,0.0,0.0,0.0,0.0,0.0,0.0,0.0,0.0,0.0,0.0,0.0,0.0,0.0,0.0,0.0,0.0,0.0,0.0,0.0,0.0,0.0,0,0,0.0,0.0,0,0.0,0.0,0.0,0.0,0.0,0,0.0,0.0,0.0,0.0,0.0,0.0,0.0,0.0,0.0,0.0,0.0,4.29,0.0,0.0,0.0,0.0,0.0,0.0,0.0,0,35.71,27.14,2.86,0.0,0.0,0.0,5.71,0,0.0,4.29,0.0,0.0,0.0,0.0,0.0,0.0,0.0,0.0,0.0,0.0,0.0,0,0.0,0.0,0.0,0.0,4.29,0.0,0.0,0.0,0.0,0.0,0.0,0.0,0.0,0.0,0.0,0,0.0,0,0.0,0.0,0.0,0.0,0.0,0.0,68
7+ANS BABY TV Commercial (English Version).txt,1,383,59.72,99.0,2.53,76.87,7.82,21.93,81.72,69.71,44.13,16.71,5.48,0.0,0.0,5.48,0.0,0.0,11.23,5.74,3.66,2.87,16.45,7.31,5.48,3.66,0.26,20.1,10.97,2.09,3.66,1.83,0.0,1.83,9.4,2.09,7.31,0.0,3.66,1.83,1.83,0.0,0.0,0.0,3.66,3.66,0.0,0.0,0.0,0.0,0.0,0.0,0.0,0.0,21.93,7.31,0.0,0.0,0,0.0,3.66,12.79,3.66,0.0,0.0,0.0,1.83,0.0,1.83,0.0,0.0,0.0,0.0,0.0,0.0,0.0,3.66,3.66,0.0,1.83,0,0,0.0,1.83,0,0.0,1.83,0.0,0.0,1.83,0,0.0,0.0,0.0,9.14,7.31,0.0,0.0,7.31,0.0,0.0,0.0,1.83,3.66,9.14,0.0,1.83,0.0,0.0,1.83,0,29.5,15.67,3.39,0.0,0.0,7.31,3.13,0,1.83,0.0,0.0,0.0,9.14,0.0,1.83,3.66,5.48,0.0,0.0,0.0,0.0,0,0.0,0.0,0.0,1.83,1.83,0.0,5.48,3.66,5.48,0.0,0.0,0.0,0.0,0.0,0.0,0,0.0,0,0.0,0.0,0.0,0.0,0.0,0.0,7
"70+Mom, Becca Stanley Shares Her #FormulaForHappiness.txt",1,168,46.07,40.06,27.84,99.0,8.4,26.79,88.1,53.57,41.67,14.88,5.95,0.0,2.98,0.0,2.98,0.0,8.93,11.9,8.93,4.76,5.95,5.95,5.95,2.98,2.98,17.86,0.0,0.0,8.93,8.93,0.0,0.0,14.88,0.0,14.88,0.0,5.95,0.0,8.93,0.0,5.95,0.0,17.86,17.86,0.0,11.9,11.9,0.0,0.0,0.0,0.0,0.0,14.88,8.93,5.95,0.0,0,2.98,0.0,5.95,0.0,0.0,0.0,2.98,0.0,0.0,0.0,0.0,0.0,0.0,0.0,0.0,0.0,0.0,2.98,0.0,0.0,0.0,0,0,0.0,0.0,0,0.0,0.0,0.0,0.0,0.0,0,0.0,0.0,0.0,8.93,5.95,0.0,0.0,5.95,0.0,0.0,0.0,5.95,2.98,8.93,0.0,0.0,0.0,0.0,0.0,0,38.69,13.69,11.31,2.98,0.0,5.95,4.76,0,2.98,0.0,0.0,2.98,5.95,0.0,0.0,2.98,0.0,5.95,0.0,0.0,0.0,0,0.0,2.98,0.0,0.0,2.98,0.0,8.93,0.0,5.95,0.0,0.0,0.0,0.0,0.0,0.0,0,0.0,0,2.98,0.0,2.98,5.95,2.98,0.0,70
71+Mother's Day 2021 - You Made Their Lockdown Magical.txt,1,6,10.19,99.0,,99.0,3.0,0.0,100.0,66.67,33.33,33.33,33.33,0.0,0.0,33.33,0.0,0.0,0.0,0.0,0.0,33.33,0.0,0.0,0.0,0.0,0.0,33.33,0.0,0.0,0.0,0.0,0.0,0.0,0.0,0.0,0.0,0.0,0.0,0.0,0.0,0.0,0.0,0.0,33.33,33.33,0.0,0.0,0.0,0.0,0.0,0.0,0.0,0.0,66.67,33.33,33.33,33.33,0,0.0,33.33,33.33,0.0,0.0,0.0,0.0,0.0,0.0,0.0,0.0,0.0,0.0,0.0,0.0,0.0,0.0,0.0,0.0,0.0,0.0,0,0,0.0,0.0,0,0.0,0.0,0.0,0.0,0.0,0,0.0,0.0,0.0,0.0,0.0,0.0,0.0,0.0,0.0,0.0,0.0,0.0,0.0,0.0,0.0,0.0,0.0,0.0,0.0,0,116.67,66.67,16.67,0.0,0.0,0.0,33.33,0,0.0,0.0,0.0,0.0,0.0,0.0,0.0,0.0,0.0,0.0,0.0,0.0,0.0,0,0.0,0.0,0.0,0.0,0.0,0.0,0.0,0.0,0.0,0.0,0.0,0.0,0.0,0.0,0.0,0,0.0,0,0.0,0.0,0.0,0.0,0.0,0.0,71
72+Nestlé Good Start Plus Formula Ode To Bellies EN 15s.txt,1,166,99.0,,25.3,99.0,13.83,19.28,83.13,50.6,28.92,0.0,0.0,0.0,0.0,0.0,0.0,0.0,0.0,14.46,12.05,3.61,9.64,0.0,2.41,2.41,0.0,12.05,12.05,2.41,2.41,2.41,0.0,0.0,9.64,4.82,4.82,4.82,0.0,0.0,0.0,0.0,0.0,0.0,19.28,19.28,0.0,14.46,14.46,0.0,0.0,0.0,0.0,0.0,7.23,7.23,2.41,0.0,0,0.0,2.41,0.0,0.0,0.0,0.0,0.0,0.0,0.0,0.0,0.0,2.41,2.41,0.0,0.0,0.0,0.0,16.87,4.82,0.0,4.82,0,0,0.0,0.0,0,0.0,0.0,0.0,0.0,2.41,0,0.0,0.0,0.0,12.05,2.41,0.0,2.41,0.0,0.0,0.0,0.0,7.23,0.0,4.82,0.0,0.0,0.0,0.0,0.0,0,25.9,10.84,11.45,0.0,0.0,0.0,3.61,0,0.0,0.0,0.0,4.82,4.82,0.0,0.0,0.0,0.0,4.82,0.0,0.0,0.0,0,0.0,4.82,0.0,0.0,7.23,0.0,14.46,0.0,2.41,2.41,0.0,0.0,0.0,0.0,0.0,0,2.41,0,0.0,0.0,4.82,4.82,0.0,0.0,72
73+Nestle Good Start Supreme Baby Formula Commercial (2004).txt,1,673,63.42,48.0,54.36,99.0,9.35,16.05,82.62,58.84,41.46,5.35,1.34,0.0,0.0,1.34,0.0,0.0,4.01,16.05,5.35,2.38,9.36,8.02,5.35,6.69,1.34,16.05,13.37,4.01,6.69,1.34,1.34,5.35,9.36,5.35,4.01,1.34,0.0,0.0,0.0,0.0,1.34,0.0,12.04,10.7,1.34,6.69,6.69,0.0,0.0,0.0,0.0,0.0,6.69,4.01,1.34,0.0,0,0.0,0.0,2.67,1.34,0.0,0.0,0.0,1.34,0.0,0.0,1.34,0.0,0.0,0.0,0.0,0.0,0.0,4.01,0.0,0.0,0.0,0,0,0.0,0.0,0,0.0,0.0,0.0,0.0,0.0,0,1.34,0.0,0.0,18.72,5.35,0.0,0.0,4.01,1.34,0.0,0.0,12.04,0.0,8.02,1.34,0.0,0.0,0.0,0.0,0,21.99,13.08,1.19,0.0,0.0,5.35,2.38,0,1.34,0.0,0.0,0.0,2.67,0.0,0.0,0.0,1.34,0.0,1.34,0.0,2.67,0,0.0,5.35,0.0,0.0,5.35,1.34,6.69,1.34,8.02,1.34,0.0,0.0,0.0,4.01,1.34,0,6.69,0,1.34,0.0,0.0,1.34,0.0,0.0,73
74+Nestle Good Start.m4v.txt,1,278,54.39,69.39,7.22,99.0,7.72,15.11,87.41,62.95,40.29,5.04,2.52,0.0,0.0,2.52,0.0,0.0,2.52,15.11,7.55,4.32,5.04,2.52,5.04,12.59,2.52,15.11,12.59,0.0,2.52,2.52,0.0,0.0,15.11,2.52,12.59,0.0,5.04,0.0,2.52,0.0,5.04,0.0,12.59,12.59,0.0,12.59,12.59,0.0,0.0,0.0,0.0,0.0,15.11,5.04,0.0,0.0,0,0.0,2.52,10.07,7.55,0.0,2.52,0.0,0.0,0.0,0.0,0.0,2.52,0.0,0.0,2.52,0.0,0.0,5.04,2.52,0.0,0.0,0,0,0.0,2.52,0,0.0,0.0,0.0,0.0,0.0,0,0.0,0.0,0.0,20.14,2.52,0.0,0.0,0.0,2.52,0.0,0.0,5.04,0.0,5.04,0.0,0.0,0.0,0.0,0.0,0,33.45,16.91,7.19,2.52,0.0,0.0,6.83,0,0.0,0.0,0.0,10.07,12.59,0.0,0.0,0.0,2.52,10.07,0.0,0.0,0.0,0,0.0,2.52,0.0,0.0,10.07,0.0,12.59,0.0,5.04,0.0,0.0,0.0,0.0,0.0,0.0,0,0.0,0,0.0,0.0,10.07,10.07,0.0,0.0,74
75+Nestlé LACTOGROW TVC – English 15s.txt,1,442,34.77,14.24,20.47,99.0,7.37,21.72,72.85,57.01,46.15,16.29,13.57,5.43,0.0,0.0,8.14,0.0,2.71,13.57,2.71,4.98,10.86,8.14,2.71,5.43,2.71,13.57,8.14,0.0,0.0,0.0,0.0,0.0,8.14,0.0,8.14,0.0,0.0,0.0,0.0,2.71,5.43,0.0,13.57,10.86,2.71,8.14,2.71,2.71,2.71,0.0,0.0,0.0,10.86,2.71,2.71,0.0,0,0.0,0.0,8.14,0.0,0.0,8.14,0.0,0.0,0.0,0.0,0.0,0.0,0.0,0.0,0.0,0.0,0.0,5.43,5.43,0.0,2.71,0,0,0.0,2.71,0,0.0,0.0,0.0,0.0,0.0,0,0.0,0.0,0.0,0.0,8.14,0.0,2.71,8.14,0.0,0.0,0.0,0.0,0.0,5.43,2.71,0.0,0.0,0.0,0.0,0,36.88,18.55,7.92,0.0,0.0,2.71,7.69,0,2.71,2.71,0.0,2.71,5.43,0.0,2.71,0.0,0.0,2.71,0.0,0.0,0.0,0,0.0,0.0,0.0,2.71,0.0,0.0,2.71,0.0,5.43,0.0,0.0,0.0,0.0,0.0,0.0,0,0.0,0,0.0,0.0,8.14,8.14,0.0,0.0,75
76+New Enfagrow A+ MindPro Gentlease - For Sensitive Tummy.txt,1,138,56.23,93.24,1.0,1.92,8.63,31.88,85.51,57.97,46.38,8.7,5.8,0.0,0.0,2.9,2.9,0.0,2.9,11.59,8.7,4.35,11.59,14.49,2.9,8.7,0.0,17.39,8.7,8.7,2.9,0.0,2.9,0.0,8.7,2.9,5.8,0.0,0.0,5.8,0.0,0.0,0.0,0.0,2.9,0.0,2.9,2.9,0.0,2.9,0.0,0.0,0.0,0.0,8.7,0.0,0.0,0.0,0,0.0,0.0,8.7,0.0,0.0,0.0,2.9,0.0,0.0,0.0,0.0,5.8,0.0,0.0,0.0,0.0,5.8,8.7,0.0,0.0,0.0,0,0,0.0,5.8,0,0.0,0.0,0.0,0.0,0.0,0,0.0,0.0,0.0,8.7,8.7,0.0,0.0,5.8,0.0,0.0,2.9,2.9,0.0,8.7,0.0,0.0,0.0,0.0,0.0,0,25.36,13.04,2.17,2.9,0.0,2.9,4.35,0,2.9,0.0,0.0,0.0,0.0,0.0,0.0,0.0,0.0,0.0,0.0,0.0,0.0,0,0.0,0.0,0.0,0.0,0.0,0.0,2.9,0.0,0.0,0.0,0.0,0.0,0.0,0.0,0.0,0,0.0,0,5.8,0.0,0.0,5.8,0.0,0.0,76
77+New S-26® GOLD PROGRESS®.txt,1,146,98.12,71.69,57.62,99.0,6.08,35.62,67.12,30.14,27.4,2.74,2.74,0.0,0.0,2.74,0.0,0.0,0.0,10.96,8.22,12.33,10.96,0.0,2.74,2.74,0.0,0.0,2.74,0.0,8.22,0.0,8.22,0.0,8.22,0.0,8.22,2.74,0.0,0.0,0.0,0.0,2.74,0.0,8.22,8.22,0.0,0.0,0.0,0.0,0.0,0.0,0.0,0.0,13.7,8.22,5.48,0.0,0,0.0,0.0,5.48,0.0,0.0,0.0,0.0,0.0,0.0,0.0,0.0,0.0,0.0,0.0,0.0,0.0,0.0,0.0,0.0,0.0,0.0,0,0,0.0,0.0,0,0.0,0.0,0.0,0.0,0.0,0,0.0,0.0,0.0,2.74,2.74,0.0,0.0,2.74,0.0,0.0,0.0,10.96,0.0,2.74,0.0,0.0,0.0,0.0,0.0,0,34.93,20.55,7.53,0.0,0.0,2.74,4.11,0,0.0,0.0,0.0,5.48,5.48,0.0,0.0,0.0,5.48,5.48,5.48,0.0,2.74,0,0.0,0.0,0.0,5.48,2.74,0.0,0.0,0.0,5.48,0.0,2.74,0.0,0.0,0.0,0.0,0,2.74,0,2.74,0.0,0.0,2.74,0.0,0.0,77
78+Nunalac Baby Formula TV Commercial.txt,1,10,3.8,1.0,,,10.0,40.0,20.0,20.0,20.0,20.0,0.0,0.0,0.0,0.0,0.0,0.0,20.0,20.0,0.0,0.0,0.0,0.0,0.0,0.0,20.0,0.0,0.0,20.0,0.0,0.0,0.0,0.0,20.0,20.0,0.0,0.0,0.0,0.0,0.0,0.0,0.0,0.0,0.0,0.0,0.0,0.0,0.0,0.0,0.0,0.0,0.0,0.0,0.0,0.0,0.0,0.0,0,0.0,0.0,0.0,0.0,0.0,0.0,0.0,0.0,0.0,0.0,0.0,0.0,0.0,0.0,0.0,0.0,0.0,0.0,0.0,0.0,0.0,0,0,0.0,0.0,0,0.0,0.0,0.0,0.0,0.0,0,0.0,0.0,0.0,0.0,0.0,0.0,0.0,0.0,0.0,0.0,0.0,0.0,0.0,0.0,0.0,0.0,0.0,0.0,0.0,0,30.0,0.0,10.0,0.0,0.0,0.0,20.0,0,0.0,0.0,0.0,0.0,0.0,0.0,0.0,0.0,0.0,0.0,0.0,0.0,0.0,0,0.0,0.0,0.0,0.0,0.0,0.0,0.0,0.0,0.0,0.0,0.0,0.0,0.0,0.0,0.0,0,0.0,0,0.0,0.0,0.0,0.0,0.0,0.0,78
79+Nutrilon Opvolgmelk.txt,1,91,72.2,71.77,,,13.0,16.48,10.99,7.69,7.69,4.4,3.3,0.0,0.0,3.3,0.0,0.0,1.1,1.1,0.0,3.3,0.0,3.3,0.0,0.0,1.1,3.3,0.0,1.1,0.0,0.0,0.0,0.0,1.1,1.1,0.0,0.0,0.0,0.0,0.0,0.0,0.0,0.0,0.0,0.0,0.0,0.0,0.0,0.0,0.0,0.0,0.0,0.0,3.3,0.0,0.0,0.0,0,0.0,0.0,3.3,0.0,0.0,0.0,0.0,0.0,0.0,0.0,0.0,0.0,0.0,0.0,0.0,0.0,0.0,0.0,0.0,0.0,0.0,0,0,0.0,0.0,0,0.0,0.0,0.0,0.0,0.0,0,0.0,0.0,0.0,0.0,0.0,0.0,0.0,0.0,0.0,0.0,0.0,0.0,0.0,3.3,0.0,0.0,0.0,0.0,0.0,0,42.86,9.89,28.57,0.0,0.0,0.0,4.4,0,0.0,0.0,0.0,0.0,0.0,0.0,0.0,0.0,0.0,0.0,0.0,0.0,0.0,0,0.0,0.0,0.0,0.0,0.0,0.0,0.0,0.0,0.0,0.0,0.0,0.0,0.0,0.0,0.0,0,0.0,0,0.0,0.0,0.0,0.0,0.0,0.0,79
8+Aptaclub-Aptamil.txt,1,8,99.0,,,99.0,4.0,25.0,100.0,75.0,25.0,0.0,0.0,0.0,0.0,0.0,0.0,0.0,0.0,0.0,0.0,25.0,25.0,0.0,0.0,0.0,0.0,25.0,0.0,0.0,0.0,0.0,0.0,0.0,0.0,0.0,0.0,0.0,0.0,0.0,0.0,0.0,0.0,0.0,25.0,25.0,0.0,0.0,0.0,0.0,0.0,0.0,0.0,0.0,25.0,25.0,25.0,25.0,0,0.0,25.0,0.0,0.0,0.0,0.0,0.0,0.0,0.0,0.0,0.0,0.0,0.0,0.0,0.0,0.0,0.0,0.0,0.0,0.0,0.0,0,0,0.0,0.0,0,0.0,0.0,0.0,0.0,0.0,0,0.0,0.0,0.0,0.0,25.0,25.0,0.0,0.0,25.0,0.0,0.0,0.0,0.0,0.0,0.0,0.0,0.0,0.0,0.0,0,87.5,25.0,12.5,0.0,25.0,0.0,25.0,0,0.0,0.0,0.0,0.0,0.0,0.0,0.0,0.0,0.0,0.0,0.0,0.0,0.0,0,0.0,0.0,0.0,0.0,0.0,0.0,0.0,0.0,0.0,0.0,0.0,0.0,0.0,0.0,0.0,0,0.0,0,0.0,0.0,0.0,0.0,0.0,0.0,8
81+Pet Evaporated Milk For babies Commercial 1952.txt,1,2065,80.88,98.59,3.6,99.0,15.76,13.22,93.7,56.66,41.55,5.67,4.41,0.0,0.0,1.89,0.0,1.89,1.26,17.0,6.92,4.31,11.33,4.41,5.67,6.3,1.26,8.81,13.85,6.3,8.18,6.3,0.63,1.26,7.55,3.15,4.41,1.89,0.0,0.63,0.63,0.63,1.26,0.0,10.07,9.44,0.63,5.04,5.04,0.0,0.0,0.0,0.0,0.0,18.89,1.26,0.0,0.0,0,0.0,1.26,17.0,12.59,0.0,0.0,0.0,0.0,0.0,0.0,0.0,8.18,0.0,5.67,1.26,1.26,0.0,15.11,1.89,0.0,1.26,0,0,0.0,11.33,0,0.63,0.0,0.0,0.0,0.63,0,0.0,2.52,0.63,9.44,3.78,0.0,0.63,2.52,0.0,0.63,0.0,2.52,0.63,3.15,0.0,0.0,0.0,0.0,0.0,0,19.27,7.46,8.14,0.0,0.0,2.52,1.16,0,2.52,0.0,0.0,1.89,5.67,0.0,0.0,0.0,3.15,1.89,0.63,1.26,0.0,0,0.63,3.78,0.0,0.0,0.63,1.26,6.92,0.63,0.63,0.0,0.0,0.63,0.0,0.0,0.0,0,0.63,0,0.63,0.0,1.89,2.52,0.0,0.63,81
82+Real time video advertisiment for Baby Formula created by Dutta Innovations 1.txt,1,3449,89.52,98.8,1.0,93.21,12.68,20.21,83.24,60.63,50.28,9.37,5.42,0.0,1.97,2.96,0.0,0.49,3.94,16.76,8.87,3.39,15.28,8.38,2.46,2.96,0.99,11.34,6.41,7.39,5.42,3.45,1.48,0.49,11.34,1.97,9.37,2.46,1.97,3.45,0.0,0.49,0.99,0.0,5.42,5.42,0.0,0.99,0.99,0.0,0.0,0.0,0.0,0.0,16.27,1.48,0.99,0.0,0,0.0,0.0,13.8,5.42,0.0,0.0,0.0,0.49,0.0,0.49,0.0,0.49,0.0,0.0,0.49,0.0,0.0,3.94,0.99,0.49,0.49,0,0,0.0,1.97,0,0.49,0.49,0.99,0.0,0.0,0,0.99,0.49,0.49,6.9,3.94,0.0,0.49,2.96,0.49,0.0,0.0,0.49,0.49,7.39,0.0,0.0,0.0,0.0,0.0,0,14.64,7.83,1.45,0.99,0.0,2.96,1.42,0,0.99,0.0,0.0,0.0,8.87,0.49,0.99,1.48,6.9,0.99,0.99,0.0,0.49,0,0.0,1.48,0.0,0.99,1.97,0.99,2.96,0.0,5.42,0.99,0.0,0.0,0.0,0.49,0.99,0,2.46,0,1.97,0.0,0.0,1.97,0.0,0.99,82
83+Safely Store Formula ( -56).txt,1,16,1.0,99.0,15.38,99.0,4.0,37.5,87.5,68.75,43.75,31.25,25.0,0.0,12.5,12.5,0.0,0.0,6.25,6.25,0.0,6.25,0.0,25.0,12.5,12.5,6.25,50.0,0.0,6.25,25.0,25.0,0.0,0.0,6.25,6.25,0.0,0.0,0.0,0.0,0.0,0.0,0.0,0.0,12.5,12.5,0.0,0.0,0.0,0.0,0.0,0.0,0.0,0.0,37.5,12.5,0.0,12.5,0,0.0,0.0,25.0,0.0,0.0,0.0,0.0,0.0,0.0,0.0,0.0,0.0,0.0,0.0,0.0,0.0,0.0,0.0,0.0,0.0,0.0,0,0,0.0,0.0,0,0.0,0.0,12.5,0.0,0.0,0,0.0,0.0,0.0,12.5,0.0,0.0,0.0,0.0,0.0,0.0,0.0,12.5,12.5,25.0,0.0,0.0,0.0,0.0,0.0,0,87.5,31.25,18.75,0.0,0.0,25.0,12.5,0,0.0,0.0,0.0,0.0,0.0,0.0,0.0,0.0,0.0,0.0,0.0,0.0,0.0,0,0.0,0.0,0.0,0.0,0.0,0.0,0.0,0.0,0.0,0.0,0.0,0.0,0.0,0.0,0.0,0,0.0,0,0.0,0.0,0.0,0.0,0.0,0.0,83
84+See how Similac® NeoSure® supports preemie growth and development.txt,1,2083,95.96,57.24,9.22,84.62,17.36,31.69,76.96,62.65,50.41,4.32,2.88,0.0,0.0,2.16,0.72,0.0,1.44,11.52,7.2,2.06,23.04,5.76,3.6,9.36,0.72,12.24,6.48,7.2,3.6,1.44,2.16,0.0,6.48,0.0,6.48,0.0,1.44,0.72,0.0,2.88,2.16,0.0,4.32,4.32,0.0,0.72,0.72,0.0,0.0,0.0,0.0,0.0,10.08,6.48,2.16,0.0,0,0.0,0.0,3.6,0.72,0.0,0.72,0.0,0.0,0.0,0.0,0.0,1.44,0.0,0.0,1.44,0.0,0.0,3.6,0.72,0.0,0.72,0,0,0.0,1.44,0,0.0,0.0,0.72,0.0,1.44,0,0.0,0.0,0.0,4.32,9.36,0.0,0.72,7.2,1.44,0.0,0.0,2.16,2.16,5.76,0.0,0.0,0.0,0.0,0.0,0,18.48,7.11,4.99,0.0,0.0,2.88,3.5,0,0.72,0.0,0.0,0.0,2.16,0.0,2.16,2.16,2.16,0.0,0.0,0.0,0.0,0,1.44,0.0,0.72,0.72,1.44,0.0,0.72,0.0,7.92,2.16,0.72,0.0,0.0,0.0,2.16,0,5.04,0,0.72,0.0,0.0,0.72,0.0,0.0,84
85+See why Similac® Soy Isomil® helps with fussiness & gas.txt,1,718,65.95,99.0,1.0,99.0,12.82,22.28,78.83,57.94,43.45,15.6,11.14,0.0,1.11,7.8,0.0,2.23,4.46,12.26,3.34,3.06,13.37,4.46,2.23,5.57,0.0,15.6,2.23,3.34,5.57,3.34,2.23,0.0,10.03,2.23,7.8,0.0,2.23,1.11,1.11,3.34,1.11,0.0,8.91,8.91,0.0,0.0,0.0,0.0,0.0,0.0,0.0,0.0,23.4,8.91,5.57,0.0,0,0.0,0.0,14.48,3.34,0.0,0.0,0.0,0.0,0.0,0.0,0.0,2.23,0.0,0.0,1.11,1.11,0.0,4.46,2.23,0.0,0.0,0,0,0.0,1.11,0,0.0,0.0,1.11,0.0,0.0,0,0.0,0.0,0.0,10.03,2.23,0.0,0.0,2.23,0.0,0.0,0.0,1.11,1.11,4.46,0.0,0.0,0.0,0.0,0.0,0,23.82,9.75,7.66,0.0,0.0,3.34,3.06,0,2.23,0.0,0.0,0.0,7.8,0.0,3.34,3.34,6.69,0.0,1.11,0.0,0.0,0,0.0,0.0,1.11,3.34,5.57,0.0,2.23,1.11,3.34,3.34,0.0,0.0,0.0,0.0,0.0,0,3.34,0,1.11,0.0,2.23,3.34,2.23,1.11,85
87+Similac Infant Formula for Immune Support ( -15).txt,1,203,92.52,68.8,6.69,89.96,13.53,29.56,77.83,46.8,36.95,2.46,0.0,0.0,0.0,0.0,0.0,0.0,2.46,19.7,9.85,8.87,9.85,4.93,4.93,4.93,0.0,7.39,4.93,14.78,4.93,2.46,0.0,2.46,14.78,2.46,9.85,2.46,0.0,0.0,0.0,2.46,2.46,0.0,4.93,4.93,0.0,0.0,0.0,0.0,0.0,0.0,0.0,0.0,12.32,4.93,2.46,0.0,0,0.0,0.0,7.39,7.39,0.0,0.0,0.0,0.0,0.0,0.0,0.0,0.0,0.0,0.0,0.0,0.0,0.0,9.85,9.85,2.46,0.0,0,0,0.0,0.0,0,0.0,0.0,0.0,0.0,0.0,0,0.0,0.0,0.0,4.93,0.0,0.0,0.0,0.0,0.0,0.0,0.0,4.93,0.0,2.46,0.0,0.0,0.0,0.0,0.0,0,32.02,11.33,6.9,0.0,0.0,2.46,11.33,0,2.46,0.0,0.0,0.0,7.39,0.0,2.46,2.46,7.39,0.0,0.0,2.46,0.0,0,0.0,0.0,0.0,2.46,2.46,0.0,0.0,0.0,4.93,0.0,0.0,0.0,0.0,0.0,0.0,0,0.0,0,0.0,0.0,2.46,2.46,0.0,0.0,87
88+Similac Infant Formula for Immune Support ( -30).txt,1,898,86.14,66.26,14.33,85.94,14.97,25.61,84.41,59.02,47.88,6.68,1.11,0.0,1.11,0.0,0.0,0.0,5.57,17.82,8.91,4.23,15.59,7.8,5.57,6.68,0.0,8.91,6.68,7.8,3.34,2.23,0.0,1.11,10.02,2.23,6.68,1.11,0.0,0.0,1.11,1.11,2.23,0.0,4.45,4.45,0.0,0.0,0.0,0.0,0.0,0.0,0.0,0.0,7.8,2.23,1.11,0.0,0,0.0,0.0,5.57,3.34,0.0,0.0,0.0,0.0,0.0,0.0,0.0,2.23,0.0,0.0,2.23,0.0,0.0,10.02,4.45,1.11,0.0,0,0,0.0,2.23,0,0.0,0.0,0.0,0.0,0.0,0,0.0,0.0,2.23,3.34,5.57,1.11,0.0,3.34,1.11,0.0,0.0,5.57,1.11,6.68,0.0,1.11,0.0,0.0,1.11,0,27.28,8.69,7.68,0.0,0.0,2.23,8.69,0,2.23,0.0,0.0,0.0,4.45,0.0,2.23,2.23,3.34,0.0,0.0,2.23,0.0,0,0.0,0.0,1.11,1.11,1.11,0.0,0.0,0.0,4.45,0.0,0.0,0.0,0.0,0.0,1.11,0,1.11,0,1.11,0.0,1.11,2.23,0.0,0.0,88
89+Similac Pro-Advance™ & Pro-Sensitive™.txt,1,818,98.47,80.31,9.83,77.02,13.63,22.0,79.22,46.45,39.12,4.89,1.22,0.0,1.22,0.0,0.0,0.0,3.67,17.11,9.78,10.76,14.67,3.67,0.0,3.67,0.0,7.33,6.11,4.89,1.22,1.22,0.0,0.0,3.67,0.0,3.67,1.22,1.22,0.0,0.0,0.0,1.22,0.0,3.67,3.67,0.0,0.0,0.0,0.0,0.0,0.0,0.0,0.0,8.56,1.22,1.22,0.0,0,0.0,0.0,7.33,4.89,0.0,0.0,0.0,0.0,0.0,0.0,0.0,0.0,0.0,0.0,0.0,0.0,0.0,15.89,7.33,0.0,1.22,0,0,0.0,3.67,0,0.0,0.0,0.0,0.0,2.44,0,0.0,0.0,0.0,1.22,7.33,0.0,1.22,6.11,1.22,0.0,0.0,1.22,1.22,4.89,0.0,0.0,0.0,0.0,0.0,0,21.39,9.54,4.77,0.0,0.0,1.22,5.87,0,0.0,0.0,0.0,0.0,2.44,0.0,0.0,2.44,0.0,0.0,0.0,0.0,1.22,0,0.0,2.44,0.0,1.22,1.22,0.0,0.0,0.0,7.33,0.0,0.0,0.0,0.0,0.0,1.22,0,1.22,0,1.22,0.0,0.0,1.22,0.0,0.0,89
90+Similac® For Spit-Up helps reduce frequent spit-up after feeding.txt,1,686,83.91,99.0,2.2,99.0,10.72,19.83,84.84,59.48,44.31,15.16,11.66,0.0,2.33,8.16,0.0,1.17,3.5,11.66,3.5,3.21,18.66,4.66,2.33,3.5,0.0,15.16,4.66,2.33,7.0,4.66,2.33,0.0,10.5,2.33,8.16,0.0,2.33,1.17,1.17,3.5,1.17,0.0,8.16,8.16,0.0,0.0,0.0,0.0,0.0,0.0,0.0,0.0,23.32,8.16,4.66,0.0,0,0.0,0.0,15.16,3.5,0.0,0.0,0.0,0.0,0.0,0.0,0.0,1.17,0.0,0.0,1.17,0.0,0.0,8.16,2.33,0.0,1.17,0,0,0.0,4.66,0,0.0,0.0,1.17,0.0,1.17,0,0.0,0.0,0.0,9.33,2.33,0.0,0.0,2.33,0.0,0.0,0.0,4.66,2.33,4.66,0.0,0.0,0.0,0.0,0.0,0,28.43,11.37,4.52,0.0,0.0,4.66,7.87,0,3.5,0.0,0.0,0.0,10.5,0.0,3.5,3.5,7.0,0.0,3.5,1.17,0.0,0,0.0,0.0,1.17,0.0,3.5,0.0,3.5,1.17,3.5,3.5,0.0,0.0,0.0,0.0,0.0,0,3.5,0,0.0,0.0,3.5,3.5,2.33,0.0,90
"91+Similac® formulas have no artificial growth hormones_,†.txt",1,186,29.52,99.0,1.0,,15.5,19.35,91.4,68.82,53.76,19.35,17.2,0.0,2.15,8.6,6.45,0.0,2.15,12.9,4.3,3.23,12.9,4.3,6.45,4.3,6.45,17.2,2.15,0.0,4.3,2.15,0.0,2.15,17.2,4.3,12.9,0.0,4.3,2.15,0.0,4.3,2.15,0.0,0.0,0.0,0.0,0.0,0.0,0.0,0.0,0.0,0.0,0.0,27.96,4.3,0.0,0.0,0,0.0,0.0,23.66,6.45,0.0,6.45,0.0,0.0,0.0,0.0,0.0,0.0,0.0,0.0,0.0,0.0,0.0,4.3,2.15,0.0,0.0,0,0,0.0,2.15,0,2.15,0.0,2.15,0.0,0.0,0,0.0,2.15,0.0,0.0,4.3,0.0,0.0,4.3,0.0,0.0,0.0,4.3,4.3,8.6,0.0,0.0,0.0,0.0,0.0,0,25.27,9.68,10.22,0.0,0.0,2.15,3.23,0,4.3,0.0,0.0,0.0,8.6,0.0,2.15,2.15,8.6,0.0,0.0,0.0,0.0,0,0.0,0.0,0.0,0.0,2.15,0.0,0.0,2.15,6.45,2.15,0.0,0.0,0.0,0.0,0.0,0,2.15,0,0.0,0.0,0.0,0.0,0.0,2.15,91
92+Similac® Organic is modeled after breast milk ( -30).txt,1,911,69.97,98.88,1.0,37.61,13.8,32.6,85.51,62.79,44.68,13.28,8.45,0.0,0.0,7.24,0.0,1.21,4.83,19.32,8.45,8.23,9.66,6.04,3.62,4.83,0.0,9.66,18.11,9.66,2.41,1.21,1.21,0.0,6.04,1.21,4.83,0.0,2.41,0.0,0.0,2.41,0.0,0.0,1.21,1.21,0.0,0.0,0.0,0.0,0.0,0.0,0.0,0.0,14.49,4.83,1.21,0.0,0,0.0,0.0,9.66,1.21,0.0,0.0,0.0,0.0,0.0,0.0,0.0,2.41,0.0,0.0,2.41,0.0,0.0,14.49,10.87,0.0,9.66,0,0,0.0,3.62,0,0.0,0.0,0.0,0.0,2.41,0,0.0,0.0,0.0,4.83,3.62,1.21,0.0,2.41,0.0,0.0,0.0,1.21,1.21,7.24,0.0,0.0,0.0,0.0,0.0,0,29.64,9.44,8.34,0.0,0.0,6.04,5.82,0,2.41,0.0,0.0,0.0,3.62,0.0,1.21,1.21,2.41,0.0,1.21,1.21,0.0,0,0.0,0.0,0.0,0.0,4.83,0.0,2.41,1.21,6.04,1.21,0.0,0.0,0.0,0.0,2.41,0,3.62,0,0.0,0.0,0.0,0.0,0.0,0.0,92
93+Simplify Feeding Night & Day - Enfamil Ready to Use Infant Formula.txt,1,1296,68.13,89.8,16.4,83.83,14.73,13.58,86.42,67.98,47.61,8.56,5.09,0.0,0.0,4.24,0.85,0.0,3.47,12.81,8.49,4.01,13.58,11.03,5.09,7.64,0.08,19.52,5.09,3.47,0.85,0.0,0.85,0.0,12.81,1.77,11.03,0.0,4.24,3.4,1.7,0.85,2.55,0.0,4.24,4.24,0.0,0.0,0.0,0.0,0.0,0.0,0.0,0.0,9.34,0.0,0.0,0.0,0,0.0,0.0,8.49,2.55,0.0,0.85,0.0,0.0,0.0,0.0,0.0,0.85,0.0,0.85,0.0,0.0,0.0,3.4,0.0,0.0,0.0,0,0,0.0,1.7,0,0.85,0.0,1.7,0.0,0.85,0,0.0,0.0,0.0,12.73,5.94,0.0,0.85,4.24,0.0,0.0,1.7,9.34,0.0,10.19,5.09,0.0,0.0,0.0,0.0,0,18.21,8.26,4.17,0.0,0.0,4.24,1.54,0,1.7,0.0,0.0,0.0,2.55,0.0,0.0,0.85,2.55,0.0,0.0,0.0,0.0,0,0.85,0.0,0.0,0.0,4.24,0.0,4.24,0.0,3.4,0.0,0.0,0.0,0.0,0.85,0.0,0,0.85,0,0.0,0.0,0.0,0.0,0.0,0.0,93
94+SMA FORMULA FOR INFANTS COMMERCIAL 1960.txt,1,1804,84.62,97.51,5.52,69.08,10.74,24.83,86.03,54.32,35.7,7.76,3.88,0.0,0.0,2.33,0.0,0.78,3.88,11.64,6.21,1.44,10.86,5.43,3.1,2.33,1.55,17.07,6.98,4.66,6.98,4.66,1.55,0.78,8.54,2.33,6.21,2.33,1.55,0.78,0.78,0.78,0.78,0.0,3.1,3.1,0.0,0.78,0.78,0.0,0.0,0.0,0.0,0.0,16.3,1.55,0.78,0.0,0,0.0,0.0,14.75,10.86,0.0,5.43,0.0,0.0,0.0,0.0,0.0,3.1,0.0,0.0,3.1,0.0,0.0,17.07,8.54,0.0,6.21,0,0,0.0,9.31,0,0.78,0.0,0.78,0.0,0.0,0,0.78,0.0,0.78,7.76,5.43,0.0,0.78,3.88,0.78,0.0,0.0,2.33,0.78,9.31,3.1,0.0,0.0,0.0,0.0,0,29.99,10.75,10.03,0.0,0.0,7.76,1.44,0,1.55,0.0,0.0,0.78,3.1,0.0,0.0,0.0,1.55,0.78,0.78,1.55,0.0,0,0.0,0.0,0.0,0.0,1.55,0.0,3.88,0.0,3.1,0.0,0.0,0.78,0.0,0.0,0.0,0,0.78,0,1.55,0.0,2.33,3.88,0.78,0.78,94
95+The Promise of Similac (1).txt,1,1116,73.81,98.55,8.3,99.0,7.15,23.3,86.02,62.9,50.09,16.31,15.14,4.66,2.33,8.15,0.0,0.0,1.16,6.99,3.49,3.32,18.64,3.49,4.66,5.82,0.0,15.14,3.49,0.0,3.49,2.33,0.0,1.16,15.14,2.33,12.81,1.16,3.49,0.0,0.0,6.99,1.16,0.0,8.15,8.15,0.0,3.49,3.49,0.0,0.0,0.0,0.0,0.0,24.46,12.81,3.49,0.0,0,0.0,1.16,11.65,1.16,0.0,0.0,0.0,0.0,0.0,0.0,0.0,0.0,0.0,0.0,0.0,0.0,0.0,8.15,2.33,0.0,1.16,0,0,0.0,1.16,0,0.0,0.0,1.16,0.0,0.0,0,0.0,0.0,0.0,5.82,2.33,0.0,0.0,1.16,1.16,0.0,0.0,2.33,1.16,3.49,2.33,0.0,0.0,0.0,0.0,0,28.67,16.13,4.57,0.0,0.0,2.33,5.65,0,2.33,0.0,0.0,0.0,10.48,0.0,8.15,8.15,9.32,1.16,1.16,0.0,0.0,0,0.0,0.0,1.16,2.33,2.33,0.0,2.33,0.0,2.33,0.0,0.0,0.0,0.0,0.0,1.16,0,1.16,0,2.33,0.0,1.16,3.49,1.16,0.0,95
96+The Promise of Similac.txt,1,100,93.09,86.52,1.0,67.48,16.67,27.0,76.0,51.0,42.0,9.0,6.0,0.0,6.0,0.0,0.0,0.0,3.0,9.0,3.0,7.0,21.0,3.0,0.0,9.0,0.0,9.0,3.0,0.0,6.0,6.0,0.0,0.0,12.0,0.0,12.0,0.0,3.0,0.0,0.0,6.0,3.0,0.0,3.0,3.0,0.0,0.0,0.0,0.0,0.0,0.0,0.0,0.0,15.0,9.0,3.0,0.0,0,0.0,0.0,6.0,0.0,0.0,0.0,0.0,0.0,0.0,0.0,0.0,0.0,0.0,0.0,0.0,0.0,0.0,12.0,6.0,0.0,3.0,0,0,0.0,0.0,0,0.0,0.0,0.0,0.0,0.0,0,0.0,0.0,0.0,3.0,3.0,0.0,0.0,0.0,3.0,0.0,0.0,0.0,0.0,3.0,0.0,0.0,0.0,0.0,0.0,0,37.0,10.0,14.0,0.0,0.0,3.0,10.0,0,0.0,0.0,0.0,0.0,6.0,0.0,6.0,6.0,6.0,0.0,0.0,0.0,0.0,0,0.0,0.0,3.0,3.0,0.0,0.0,0.0,0.0,3.0,0.0,0.0,0.0,0.0,0.0,3.0,0,3.0,0,3.0,0.0,0.0,3.0,0.0,0.0,96
97+The Wonder of Baby  SMA® PRO Follow on Milk.txt,1,688,98.31,98.38,25.75,95.15,11.47,23.26,84.01,53.78,34.88,7.27,7.27,0.0,2.91,1.45,0.0,2.91,0.0,13.08,8.72,6.98,14.53,4.36,0.0,0.0,0.0,11.63,5.81,7.27,8.72,4.36,1.45,2.91,4.36,0.0,4.36,1.45,1.45,0.0,0.0,0.0,0.0,0.0,5.81,5.81,0.0,2.91,2.91,0.0,0.0,0.0,0.0,0.0,15.99,4.36,2.91,0.0,0,0.0,0.0,11.63,1.45,0.0,0.0,0.0,0.0,0.0,0.0,0.0,4.36,0.0,0.0,4.36,0.0,0.0,8.72,2.91,0.0,2.91,0,0,0.0,7.27,0,0.0,0.0,0.0,0.0,0.0,0,0.0,0.0,4.36,4.36,8.72,0.0,0.0,7.27,1.45,0.0,0.0,5.81,2.91,2.91,0.0,0.0,0.0,0.0,0.0,0,23.98,11.34,8.58,0.0,0.0,0.0,4.07,0,0.0,0.0,0.0,0.0,5.81,0.0,0.0,1.45,2.91,1.45,1.45,1.45,0.0,0,0.0,2.91,0.0,2.91,7.27,0.0,0.0,0.0,7.27,2.91,0.0,2.91,0.0,0.0,2.91,0,8.72,0,0.0,1.45,2.91,2.91,0.0,1.45,97
98+Unibale Baby formula- Babyactiv8.txt,1,288,99.0,99.0,4.36,99.0,28.8,26.04,89.58,57.29,39.93,5.21,5.21,0.0,0.0,3.47,0.0,1.74,0.0,17.36,8.68,4.51,17.36,1.74,1.74,1.74,0.0,10.42,10.42,1.74,1.74,1.74,0.0,0.0,5.21,0.0,5.21,0.0,5.21,0.0,0.0,0.0,0.0,0.0,8.68,8.68,0.0,0.0,0.0,0.0,0.0,0.0,0.0,0.0,24.31,5.21,1.74,0.0,0,0.0,0.0,15.63,8.68,0.0,0.0,0.0,0.0,0.0,0.0,0.0,0.0,0.0,0.0,0.0,0.0,0.0,6.94,5.21,0.0,5.21,0,0,0.0,3.47,0,1.74,0.0,0.0,0.0,0.0,0,0.0,0.0,0.0,13.89,3.47,0.0,0.0,3.47,0.0,0.0,0.0,5.21,0.0,5.21,0.0,0.0,0.0,0.0,0.0,0,13.89,6.25,4.86,0.0,0.0,0.0,2.78,0,0.0,0.0,0.0,0.0,10.42,0.0,0.0,1.74,8.68,1.74,0.0,0.0,1.74,0,0.0,0.0,0.0,0.0,5.21,0.0,3.47,0.0,12.15,1.74,0.0,0.0,0.0,0.0,1.74,0,3.47,0,0.0,0.0,1.74,1.74,0.0,0.0,98
99+VINTAGE 1958 PET EVAPORATED MILK COMMERCIAL - CUTE BABIES.txt,1,1546,74.77,78.84,1.0,56.58,12.88,17.85,86.8,59.77,48.12,7.76,3.88,0.0,0.0,2.33,1.55,0.0,3.88,17.08,5.43,2.98,13.97,10.09,3.1,5.43,0.78,15.52,6.21,6.99,4.66,3.88,0.0,0.78,20.18,2.33,17.08,0.0,2.33,4.66,3.1,3.1,6.21,0.0,2.33,2.33,0.0,0.0,0.0,0.0,0.0,0.0,0.0,0.0,11.64,0.0,0.0,0.0,0,0.0,0.0,11.64,7.76,0.0,0.0,2.33,0.0,0.0,0.0,0.0,7.76,2.33,3.88,0.78,0.78,0.0,7.76,2.33,0.78,0.0,0,0,0.0,5.43,0,1.55,0.0,0.0,0.0,0.0,0,0.0,0.0,0.0,4.66,2.33,0.0,0.78,1.55,0.0,0.0,0.0,2.33,1.55,6.21,2.33,0.0,0.0,0.0,0.0,0,19.08,9.18,3.82,0.0,0.0,3.88,2.2,0,2.33,0.0,0.0,0.0,3.88,0.78,0.78,0.78,1.55,0.0,0.78,0.0,0.78,0,0.0,0.78,0.78,0.0,4.66,1.55,0.0,0.78,8.54,0.0,0.0,0.0,0.0,0.0,0.78,0,0.78,0,0.0,0.0,0.0,0.0,0.0,0.78,99
